tgl,ot,lat,lon,depth,mag,remark
2023-01-01,23:59:32.053,-2.53,140.69,10,3.6,Near North Coast of Irian Jaya
2023-01-01,20:14:31.327,2.05,98.89,10,3.2,Northern Sumatra - Indonesia
2023-01-01,19:46:22.614,2.05,98.89,10,3.1,Northern Sumatra - Indonesia
2023-01-01,19:42:48.918,-2.41,140.7,10,3.9,Near North Coast of Irian Jaya
2023-01-01,19:40:26.791,2.05,98.9,10,2.5,Northern Sumatra - Indonesia
2023-01-01,19:36:10.384,-0.23,123.18,32,2.8,Minahassa Peninsula - Sulawesi
2023-01-01,19:34:55.807,-3.26,131.11,16,4.0,Irian Jaya Region - Indonesia
2023-01-01,19:06:55.537,-2.55,140.78,10,3.1,Near North Coast of Irian Jaya
2023-01-01,19:03:05.217,2.2,128.21,139,3.8,Halmahera - Indonesia
2023-01-01,18:51:30.327,-2.5,140.7,10,3.9,Near North Coast of Irian Jaya
2023-01-01,18:50:57.811,3.14,127.81,112,4.1,Talaud Islands - Indonesia
2023-01-01,18:24:30.501,-2.46,140.78,10,5.4,Near North Coast of Irian Jaya
2023-01-01,18:24:30.501,-2.46,140.78,10,5.4,Near North Coast of Irian Jaya
2023-01-01,17:17:23.602,1.08,121.76,12,3.7,Minahassa Peninsula - Sulawesi
2023-01-01,15:55:07.993,2.09,98.87,10,3.8,Northern Sumatra - Indonesia
2023-01-01,15:46:18.141,2.06,98.92,10,2.6,Northern Sumatra - Indonesia
2023-01-01,15:38:14.570,-7.6,106.66,29,3.5,Java - Indonesia
2023-01-01,14:41:05.363,-1.16,120.23,10,3.0,Sulawesi - Indonesia
2023-01-01,14:38:38.919,-2.5,139.76,38,2.9,Near North Coast of Irian Jaya
2023-01-01,14:15:21.112,-9.13,109.56,10,3.3,South of Java - Indonesia
2023-01-01,14:06:12.622,-7.23,106.8,114,3.0,Java - Indonesia
2023-01-01,13:37:51.320,-2.97,128.36,13,3.8,Ceram Sea
2023-01-01,13:13:10.464,2.04,98.87,10,2.6,Northern Sumatra - Indonesia
2023-01-01,13:03:47.808,2.06,98.9,10,2.9,Northern Sumatra - Indonesia
2023-01-01,11:42:09.856,-6.8,107.08,12,1.9,Java - Indonesia
2023-01-01,10:52:39.475,-6.79,107.09,10,3.0,Java - Indonesia
2023-01-01,10:38:08.278,0.14,124.12,76,3.1,Minahassa Peninsula - Sulawesi
2023-01-01,10:17:42.705,2.13,128.3,10,3.7,Halmahera - Indonesia
2023-01-01,09:24:02.701,-5.28,103.16,24,3.0,Southern Sumatra - Indonesia
2023-01-01,07:28:12.784,-0.27,122.96,14,2.4,Minahassa Peninsula - Sulawesi
2023-01-01,04:20:09.775,-1.52,99.88,24,3.9,Southern Sumatra - Indonesia
2023-01-01,04:09:31.458,-4.93,102.79,20,4.0,Southern Sumatra - Indonesia
2023-01-01,02:58:10.659,-3.64,121.49,10,2.5,Sulawesi - Indonesia
2023-01-01,02:52:35.978,-3.7,121.52,10,2.6,Sulawesi - Indonesia
2023-01-01,02:51:18.031,-3.5,121.52,10,2.8,Sulawesi - Indonesia
2023-01-01,02:47:25.465,-1.42,100.47,54,3.2,Southern Sumatra - Indonesia
2023-01-01,02:44:57.972,-3.63,121.54,10,2.5,Sulawesi - Indonesia
2023-01-01,00:50:33.188,-2.71,128.54,10,3.8,Ceram Sea
2023-01-01,00:45:29.169,-0.04,123.66,87,2.6,Minahassa Peninsula - Sulawesi
2023-01-01,00:42:15.838,-0.67,124.44,10,2.8,Southern Molucca Sea
2023-01-02,23:55:20.881,-8.09,107.9,24,4.7,Java - Indonesia
2023-01-02,23:55:20.881,-8.09,107.9,24,4.7,Java - Indonesia
2023-01-02,23:27:29.767,-9.14,118.07,15,2.3,Sumbawa Region - Indonesia
2023-01-02,22:57:52.946,-2.57,140.83,12,2.6,Near North Coast of Irian Jaya
2023-01-02,22:39:59.797,-2.46,140.69,10,4.0,Near North Coast of Irian Jaya
2023-01-02,22:31:27.561,-2.39,140.77,10,2.9,Near North Coast of Irian Jaya
2023-01-02,22:19:43.773,-2.53,140.71,14,2.1,Near North Coast of Irian Jaya
2023-01-02,22:08:42.030,5.52,97.07,11,2.5,Northern Sumatra - Indonesia
2023-01-02,22:08:19.198,1.31,122.74,10,3.2,Minahassa Peninsula - Sulawesi
2023-01-02,22:07:18.381,-1.83,133.49,19,2.4,Irian Jaya Region - Indonesia
2023-01-02,22:04:47.899,-2.4,140.8,10,2.4,Near North Coast of Irian Jaya
2023-01-02,21:56:21.269,-2.43,140.71,10,2.6,Near North Coast of Irian Jaya
2023-01-02,21:55:39.938,5.4,96.98,11,2.3,Northern Sumatra - Indonesia
2023-01-02,21:53:56.033,-2.45,140.37,10,3.2,Near North Coast of Irian Jaya
2023-01-02,21:39:23.735,5.47,96.99,10,4.3,Northern Sumatra - Indonesia
2023-01-02,21:37:06.561,-2.41,140.75,10,2.8,Near North Coast of Irian Jaya
2023-01-02,21:34:26.490,-8.97,114.46,78,2.8,Bali Region - Indonesia
2023-01-02,21:32:52.936,-2.44,140.75,10,3.5,Near North Coast of Irian Jaya
2023-01-02,21:30:04.796,-6.73,106.13,87,2.7,Java - Indonesia
2023-01-02,21:05:36.265,3.66,127.11,32,4.2,Talaud Islands - Indonesia
2023-01-02,21:04:41.250,3.67,97.66,10,2.7,Northern Sumatra - Indonesia
2023-01-02,20:22:51.748,1.26,122.75,10,4.3,Minahassa Peninsula - Sulawesi
2023-01-02,20:21:45.606,-2.5,140.68,10,3.8,Near North Coast of Irian Jaya
2023-01-02,20:04:43.640,-2.42,140.75,10,2.3,Near North Coast of Irian Jaya
2023-01-02,19:54:43.074,-6.81,106.11,116,2.7,Java - Indonesia
2023-01-02,19:42:42.664,-2.5,140.77,10,2.4,Near North Coast of Irian Jaya
2023-01-02,19:34:50.542,-2.52,140.81,10,2.8,Near North Coast of Irian Jaya
2023-01-02,19:25:57.015,1.78,99.1,10,2.5,Northern Sumatra - Indonesia
2023-01-02,19:24:50.130,-2.42,140.72,10,2.0,Near North Coast of Irian Jaya
2023-01-02,19:14:29.374,-2.43,140.74,10,2.5,Near North Coast of Irian Jaya
2023-01-02,19:09:36.517,-2.41,140.74,10,2.7,Near North Coast of Irian Jaya
2023-01-02,19:06:39.546,-2.43,140.73,10,2.6,Near North Coast of Irian Jaya
2023-01-02,19:02:58.791,4.57,96.46,12,2.1,Northern Sumatra - Indonesia
2023-01-02,18:59:35.187,-2.88,128.5,16,2.4,Ceram Sea
2023-01-02,18:53:27.723,-2.3,140.78,10,2.8,Near North Coast of Irian Jaya
2023-01-02,18:42:08.773,3.18,127.36,23,3.5,Talaud Islands - Indonesia
2023-01-02,18:31:59.654,-2.41,140.78,10,1.8,Near North Coast of Irian Jaya
2023-01-02,18:23:10.830,-4.37,138.56,166,3.4,Irian Jaya - Indonesia
2023-01-02,18:21:18.398,-2.56,140.8,10,1.8,Near North Coast of Irian Jaya
2023-01-02,18:09:51.040,-8.75,118.72,10,2.3,Sumbawa Region - Indonesia
2023-01-02,18:06:59.053,-9.08,110.09,10,3.1,South of Java - Indonesia
2023-01-02,17:51:38.995,-8.48,118.18,127,2.5,Sumbawa Region - Indonesia
2023-01-02,17:51:37.680,-2.47,140.76,10,2.0,Near North Coast of Irian Jaya
2023-01-02,17:47:05.713,-5.09,103.82,63,2.7,Southern Sumatra - Indonesia
2023-01-02,17:38:23.540,-2.43,140.72,10,2.4,Near North Coast of Irian Jaya
2023-01-02,17:17:41.965,-2.21,140.9,10,2.4,Near North Coast of Irian Jaya
2023-01-02,16:58:44.781,1.25,122.72,11,2.9,Minahassa Peninsula - Sulawesi
2023-01-02,16:49:51.141,-8.65,112.61,101,4.1,Java - Indonesia
2023-01-02,16:35:55.613,-2.44,140.76,10,2.7,Near North Coast of Irian Jaya
2023-01-02,16:35:26.735,2.71,126.26,15,2.8,Northern Molucca Sea
2023-01-02,16:07:31.200,-7.23,125.33,493,4.7,Banda Sea
2023-01-02,15:59:21.110,-2.37,140.79,10,2.5,Near North Coast of Irian Jaya
2023-01-02,15:59:20.991,-8.88,111.96,107,2.9,Java - Indonesia
2023-01-02,15:42:34.136,-2.33,140.8,10,2.0,Near North Coast of Irian Jaya
2023-01-02,15:33:23.548,-6.8,107.11,10,1.7,Java - Indonesia
2023-01-02,15:30:40.778,5.43,96.99,10,2.3,Northern Sumatra - Indonesia
2023-01-02,15:29:01.994,-2.36,140.75,10,2.2,Near North Coast of Irian Jaya
2023-01-02,15:26:16.472,-2.36,140.79,10,2.0,Near North Coast of Irian Jaya
2023-01-02,15:17:08.028,-2.43,140.71,10,2.7,Near North Coast of Irian Jaya
2023-01-02,14:55:55.143,-2.43,140.78,10,2.2,Near North Coast of Irian Jaya
2023-01-02,14:47:18.335,-2.42,140.76,10,2.2,Near North Coast of Irian Jaya
2023-01-02,14:34:54.176,-2.42,140.77,10,1.7,Near North Coast of Irian Jaya
2023-01-02,14:29:47.245,-2.37,140.81,10,2.6,Near North Coast of Irian Jaya
2023-01-02,14:25:02.026,-2.35,140.8,10,3.6,Near North Coast of Irian Jaya
2023-01-02,14:24:15.461,-2.66,133.88,10,3.3,Irian Jaya Region - Indonesia
2023-01-02,14:20:02.644,0.45,121.21,79,3.1,Minahassa Peninsula - Sulawesi
2023-01-02,14:17:52.988,0.4,98.59,18,2.3,Northern Sumatra - Indonesia
2023-01-02,14:12:30.001,-9.1,115.46,60,2.7,South of Bali - Indonesia
2023-01-02,14:05:55.326,-3.91,129.5,41,2.5,Seram - Indonesia
2023-01-02,13:44:59.273,3.36,97.9,10,1.5,Northern Sumatra - Indonesia
2023-01-02,13:16:18.253,4.88,96.05,13,1.7,Northern Sumatra - Indonesia
2023-01-02,13:15:54.629,-2.44,140.73,10,2.1,Near North Coast of Irian Jaya
2023-01-02,12:59:35.132,-5.27,104.61,21,2.1,Southern Sumatra - Indonesia
2023-01-02,12:58:43.052,-10.36,113.43,10,3.8,South of Java - Indonesia
2023-01-02,12:13:52.823,-2.43,140.72,10,2.3,Near North Coast of Irian Jaya
2023-01-02,10:52:56.388,-2.37,140.79,10,2.8,Near North Coast of Irian Jaya
2023-01-02,10:42:39.921,-7.08,108.47,265,3.3,Java - Indonesia
2023-01-02,10:40:02.135,5.41,96.99,10,4.8,Northern Sumatra - Indonesia
2023-01-02,10:40:02.135,5.41,96.99,10,4.8,Northern Sumatra - Indonesia
2023-01-02,10:37:58.742,-2.35,140.81,10,2.8,Near North Coast of Irian Jaya
2023-01-02,10:33:28.831,-2.35,140.77,10,3.2,Near North Coast of Irian Jaya
2023-01-02,10:30:54.057,-7.79,107.3,26,3.8,Java - Indonesia
2023-01-02,10:27:11.056,-8.96,111.25,10,3.0,Java - Indonesia
2023-01-02,10:04:48.476,5.86,126.41,10,4.5,Mindanao - Philippines
2023-01-02,10:00:48.138,-2.46,140.78,10,2.5,Near North Coast of Irian Jaya
2023-01-02,09:35:05.292,-7.3,107.45,95,2.0,Java - Indonesia
2023-01-02,09:25:15.330,-2.28,140.78,10,2.9,Near North Coast of Irian Jaya
2023-01-02,09:20:33.518,-2.42,140.74,10,2.5,Near North Coast of Irian Jaya
2023-01-02,09:05:43.023,-3.18,130.5,10,3.0,Seram - Indonesia
2023-01-02,08:17:28.456,-2.22,140.8,10,2.8,Near North Coast of Irian Jaya
2023-01-02,07:55:11.766,-2.52,140.71,10,3.2,Near North Coast of Irian Jaya
2023-01-02,07:32:27.525,-2.44,140.75,10,2.5,Near North Coast of Irian Jaya
2023-01-02,07:24:13.042,0.85,97.4,22,2.6,Northern Sumatra - Indonesia
2023-01-02,06:58:16.255,1.56,98.6,59,2.6,Northern Sumatra - Indonesia
2023-01-02,06:56:43.213,-2.39,140.78,10,2.7,Near North Coast of Irian Jaya
2023-01-02,06:31:18.398,-2.42,140.74,10,2.5,Near North Coast of Irian Jaya
2023-01-02,06:21:48.096,-8.31,117.23,10,2.5,Sumbawa Region - Indonesia
2023-01-02,06:17:58.448,-5.61,101.58,27,4.0,Southwest of Sumatra - Indonesia
2023-01-02,05:51:23.182,-2.36,140.81,10,2.9,Near North Coast of Irian Jaya
2023-01-02,04:06:55.177,-6.8,107.12,10,2.4,Java - Indonesia
2023-01-02,03:47:11.033,-2.48,140.74,10,2.9,Near North Coast of Irian Jaya
2023-01-02,03:45:36.272,-6.56,129.86,150,4.4,Banda Sea
2023-01-02,02:22:28.454,-2.43,140.74,10,3.5,Near North Coast of Irian Jaya
2023-01-02,00:46:55.246,-2.48,140.64,10,3.1,Near North Coast of Irian Jaya
2023-01-02,00:24:13.063,2.07,98.93,10,2.4,Northern Sumatra - Indonesia
2023-01-02,00:06:38.179,-6.8,107.1,13,2.3,Java - Indonesia
2023-01-03,19:51:43.642,-9.5,117.09,31,3.4,Sumbawa Region - Indonesia
2023-01-03,19:19:33.610,-2.39,140.76,10,3.2,Near North Coast of Irian Jaya
2023-01-03,18:38:46.038,5.56,94.64,31,3.7,Northern Sumatra - Indonesia
2023-01-03,18:32:11.261,-6.86,107.05,19,1.6,Java - Indonesia
2023-01-03,18:27:17.513,-2.37,140.75,10,2.6,Near North Coast of Irian Jaya
2023-01-03,18:23:59.360,-2.33,140.74,10,3.3,Near North Coast of Irian Jaya
2023-01-03,18:23:29.066,-2.3,140.73,10,3.4,Near North Coast of Irian Jaya
2023-01-03,18:22:18.786,-0.58,119.84,10,2.1,Minahassa Peninsula - Sulawesi
2023-01-03,18:22:05.929,-0.58,119.85,10,2.2,Minahassa Peninsula - Sulawesi
2023-01-03,17:57:07.988,-2.41,140.72,10,4.3,Near North Coast of Irian Jaya
2023-01-03,17:55:44.000,-2.47,140.68,10,4.3,Near North Coast of Irian Jaya
2023-01-03,17:55:36.737,0.27,120.07,81,3.8,Minahassa Peninsula - Sulawesi
2023-01-03,17:53:27.726,-2.29,120.7,10,2.2,Sulawesi - Indonesia
2023-01-03,17:29:56.608,4.87,127.88,47,3.9,Talaud Islands - Indonesia
2023-01-03,17:11:40.755,-2.42,140.69,10,3.7,Near North Coast of Irian Jaya
2023-01-03,17:05:58.539,-2.4,140.7,10,2.5,Near North Coast of Irian Jaya
2023-01-03,17:00:13.981,-2.44,140.75,10,3.1,Near North Coast of Irian Jaya
2023-01-03,16:55:14.938,-2.52,140.71,17,2.3,Near North Coast of Irian Jaya
2023-01-03,16:46:20.673,-2.37,140.8,10,2.7,Near North Coast of Irian Jaya
2023-01-03,16:31:24.742,-2.55,140.77,13,2.8,Near North Coast of Irian Jaya
2023-01-03,15:55:48.517,-2.48,140.7,10,3.5,Near North Coast of Irian Jaya
2023-01-03,15:46:18.462,-2.89,134.17,12,4.7,Irian Jaya Region - Indonesia
2023-01-03,15:43:48.773,-6.79,107.13,15,2.0,Java - Indonesia
2023-01-03,15:32:54.473,-2.25,140.72,10,3.3,Near North Coast of Irian Jaya
2023-01-03,15:31:35.490,-2.87,134.2,10,4.6,Irian Jaya Region - Indonesia
2023-01-03,15:18:36.164,-2.67,133.88,10,3.1,Irian Jaya Region - Indonesia
2023-01-03,14:55:42.034,-6.87,106.95,10,2.4,Java - Indonesia
2023-01-03,14:39:32.245,-6.77,107.12,11,2.4,Java - Indonesia
2023-01-03,13:33:28.509,-6.8,106.99,19,2.1,Java - Indonesia
2023-01-03,13:29:15.800,-2.33,140.79,10,2.8,Near North Coast of Irian Jaya
2023-01-03,13:27:30.135,-2.42,140.7,10,2.4,Near North Coast of Irian Jaya
2023-01-03,13:18:12.394,-2.28,140.82,10,3.1,Near North Coast of Irian Jaya
2023-01-03,13:15:23.653,-2.43,140.72,10,2.3,Near North Coast of Irian Jaya
2023-01-03,13:03:41.099,-2.35,140.8,10,3.0,Near North Coast of Irian Jaya
2023-01-03,12:55:30.967,-2.39,141.01,10,5.1,Near N. Coast of New Guinea - PNG.
2023-01-03,12:55:30.967,-2.39,141.01,10,5.1,Near N. Coast of New Guinea - PNG.
2023-01-03,12:48:31.616,-3.78,133.39,10,3.6,Irian Jaya Region - Indonesia
2023-01-03,12:40:00.856,-2.97,139.89,19,3.8,Near North Coast of Irian Jaya
2023-01-03,12:35:46.813,-2.52,140.75,10,3.2,Near North Coast of Irian Jaya
2023-01-03,12:29:05.774,-2.5,140.71,10,3.7,Near North Coast of Irian Jaya
2023-01-03,11:36:39.877,-2.54,140.84,13,2.4,Near North Coast of Irian Jaya
2023-01-03,11:34:23.441,-2.41,140.81,12,3.2,Near North Coast of Irian Jaya
2023-01-03,11:20:37.419,-2.33,140.79,10,3.0,Near North Coast of Irian Jaya
2023-01-03,11:15:35.467,-2.55,140.7,11,2.7,Near North Coast of Irian Jaya
2023-01-03,10:50:17.527,-6.8,107.12,12,2.2,Java - Indonesia
2023-01-03,10:42:50.674,-2.58,140.82,10,2.8,Near North Coast of Irian Jaya
2023-01-03,10:39:33.210,-2.33,140.78,10,3.0,Near North Coast of Irian Jaya
2023-01-03,10:39:05.133,-3.73,133.45,10,3.6,Irian Jaya Region - Indonesia
2023-01-03,10:29:30.346,-2.43,140.8,10,3.3,Near North Coast of Irian Jaya
2023-01-03,10:24:45.487,-2.41,140.76,10,4.0,Near North Coast of Irian Jaya
2023-01-03,09:54:06.960,-2.51,140.69,10,4.3,Near North Coast of Irian Jaya
2023-01-03,09:50:42.664,-2.5,140.72,10,3.5,Near North Coast of Irian Jaya
2023-01-03,09:41:45.476,-3.76,133.47,10,3.9,Irian Jaya Region - Indonesia
2023-01-03,09:34:46.431,-2.45,140.77,10,4.2,Near North Coast of Irian Jaya
2023-01-03,09:32:26.205,-3.74,133.49,10,4.9,Irian Jaya Region - Indonesia
2023-01-03,09:32:26.205,-3.74,133.49,10,4.9,Irian Jaya Region - Indonesia
2023-01-03,09:07:51.800,-2.56,140.82,10,3.4,Near North Coast of Irian Jaya
2023-01-03,08:28:58.329,-4.56,102.57,30,3.9,Southern Sumatra - Indonesia
2023-01-03,07:59:35.672,-2.39,139.03,10,3.7,Near North Coast of Irian Jaya
2023-01-03,07:54:13.625,2.57,98.51,10,2.9,Northern Sumatra - Indonesia
2023-01-03,07:34:15.553,-2.36,139.12,12,3.3,Near North Coast of Irian Jaya
2023-01-03,07:14:03.864,-2.77,139.82,28,3.8,Near North Coast of Irian Jaya
2023-01-03,07:02:48.093,-2.43,140.72,13,3.5,Near North Coast of Irian Jaya
2023-01-03,07:01:44.579,-2.43,140.79,10,3.0,Near North Coast of Irian Jaya
2023-01-03,07:01:02.529,-3.44,128.87,10,3.0,Seram - Indonesia
2023-01-03,06:59:17.117,-3.09,128.53,27,2.0,Seram - Indonesia
2023-01-03,06:50:43.670,-3.16,139.94,38,3.7,Irian Jaya - Indonesia
2023-01-03,05:44:43.546,-6.39,129.98,207,4.6,Banda Sea
2023-01-03,05:32:19.979,-7.18,107.6,10,2.5,Java - Indonesia
2023-01-03,03:58:21.870,-2.42,140.77,10,3.3,Near North Coast of Irian Jaya
2023-01-03,03:41:15.790,-2.46,140.73,10,3.4,Near North Coast of Irian Jaya
2023-01-03,03:28:41.895,-2.4,140.77,10,4.0,Near North Coast of Irian Jaya
2023-01-03,01:07:30.628,3.57,124.98,254,4.7,Celebes Sea
2023-01-04,22:34:42.540,-6.83,107.07,10,3.0,Java - Indonesia
2023-01-04,22:15:21.905,-2.54,140.76,10,3.6,Near North Coast of Irian Jaya
2023-01-04,22:03:41.020,-2.59,140.83,10,2.5,Near North Coast of Irian Jaya
2023-01-04,21:50:00.472,-6.69,107.12,10,1.8,Java - Indonesia
2023-01-04,21:29:40.988,1.4,124.5,251,3.8,Minahassa Peninsula - Sulawesi
2023-01-04,20:49:19.275,-3.64,133.59,17,3.7,Irian Jaya Region - Indonesia
2023-01-04,18:32:56.867,-6.96,105.38,10,3.9,Sunda Strait - Indonesia
2023-01-04,17:08:01.180,-2.38,140.75,10,2.1,Near North Coast of Irian Jaya
2023-01-04,17:03:38.476,3.77,126.98,30,3.9,Talaud Islands - Indonesia
2023-01-04,16:56:05.339,-2.3,140.82,10,2.9,Near North Coast of Irian Jaya
2023-01-04,16:36:19.288,3.92,127.04,34,4.1,Talaud Islands - Indonesia
2023-01-04,16:33:07.093,-6.88,106.96,10,2.1,Java - Indonesia
2023-01-04,15:19:01.278,-0.27,124.54,10,3.2,Southern Molucca Sea
2023-01-04,13:50:51.787,-6.85,107.02,14,2.0,Java - Indonesia
2023-01-04,13:27:26.205,-8.94,119.46,95,4.0,Flores Region - Indonesia
2023-01-04,12:16:57.851,-2.42,140.79,11,4.9,Near North Coast of Irian Jaya
2023-01-04,11:31:39.098,2.21,128.35,18,3.6,Halmahera - Indonesia
2023-01-04,10:22:45.824,-2.61,140.75,11,2.9,Near North Coast of Irian Jaya
2023-01-04,09:09:56.942,-2.31,140.79,10,4.0,Near North Coast of Irian Jaya
2023-01-04,08:42:07.335,-2.43,140.65,10,3.9,Near North Coast of Irian Jaya
2023-01-04,08:22:40.437,-6.87,106.98,10,1.9,Java - Indonesia
2023-01-04,08:18:23.638,-2.5,140.66,10,3.7,Near North Coast of Irian Jaya
2023-01-04,06:24:46.452,0.67,127.55,175,3.1,Halmahera - Indonesia
2023-01-04,04:21:06.565,-10.53,113.37,10,4.6,South of Java - Indonesia
2023-01-04,03:57:13.659,0.61,126.59,13,3.5,Northern Molucca Sea
2023-01-04,03:22:11.571,-0.75,98.57,14,4.6,Southern Sumatra - Indonesia
2023-01-04,01:39:41.904,-2.46,140.69,10,4.3,Near North Coast of Irian Jaya
2023-01-04,00:03:28.417,-2.37,140.43,10,3.2,Near North Coast of Irian Jaya
2023-01-05,22:58:54.074,-3.75,133.52,10,4.2,Irian Jaya Region - Indonesia
2023-01-05,20:38:38.181,-5.38,103.24,19,3.8,Southern Sumatra - Indonesia
2023-01-05,20:28:17.350,-7.83,107.26,27,3.7,Java - Indonesia
2023-01-05,17:35:44.610,-8.2,115.54,11,3.1,Bali Region - Indonesia
2023-01-05,17:10:53.494,-7.19,107.62,10,2.7,Java - Indonesia
2023-01-05,15:21:22.836,-5.95,102.73,45,4.2,Southern Sumatra - Indonesia
2023-01-05,15:10:10.978,-2.42,140.74,10,2.8,Near North Coast of Irian Jaya
2023-01-05,14:46:44.910,-3.74,133.57,10,4.0,Irian Jaya Region - Indonesia
2023-01-05,13:38:23.442,1.04,122.37,40,3.6,Minahassa Peninsula - Sulawesi
2023-01-05,12:31:43.033,-5.97,104.9,10,3.6,Southern Sumatra - Indonesia
2023-01-05,09:22:58.275,-2.38,140.7,10,3.1,Near North Coast of Irian Jaya
2023-01-05,09:18:49.250,-0.14,123.0,100,2.9,Minahassa Peninsula - Sulawesi
2023-01-05,08:59:17.970,-6.77,130.36,158,4.4,Banda Sea
2023-01-05,07:52:06.908,-2.47,140.69,10,3.2,Near North Coast of Irian Jaya
2023-01-05,07:51:25.583,-2.9,127.67,12,2.8,Ceram Sea
2023-01-05,03:44:25.281,1.09,128.38,10,3.5,Halmahera - Indonesia
2023-01-05,01:35:37.139,1.57,127.19,93,3.8,Halmahera - Indonesia
2023-01-06,23:34:58.171,-3.21,139.94,56,2.7,Irian Jaya - Indonesia
2023-01-06,23:31:12.119,-10.66,113.24,10,3.7,South of Java - Indonesia
2023-01-06,23:17:49.353,-9.38,115.03,39,2.9,South of Bali - Indonesia
2023-01-06,22:27:53.150,-10.9,112.66,27,4.5,South of Java - Indonesia
2023-01-06,22:27:53.150,-10.9,112.66,27,4.5,South of Java - Indonesia
2023-01-06,20:47:56.682,1.99,97.84,21,4.2,Northern Sumatra - Indonesia
2023-01-06,20:19:20.421,-6.83,107.06,10,1.8,Java - Indonesia
2023-01-06,20:11:24.716,-2.45,140.74,10,2.2,Near North Coast of Irian Jaya
2023-01-06,20:01:23.882,-2.43,140.74,10,2.2,Near North Coast of Irian Jaya
2023-01-06,19:56:41.899,-2.36,140.8,10,2.8,Near North Coast of Irian Jaya
2023-01-06,18:08:43.943,-2.4,140.76,10,2.9,Near North Coast of Irian Jaya
2023-01-06,17:58:36.126,-2.49,140.7,10,2.9,Near North Coast of Irian Jaya
2023-01-06,17:44:35.976,-9.09,124.2,39,3.0,Timor Region
2023-01-06,17:37:49.170,-7.82,119.03,27,2.8,Flores Sea
2023-01-06,17:19:31.514,-2.81,140.87,10,2.2,Near North Coast of Irian Jaya
2023-01-06,17:16:53.861,-2.45,140.77,10,2.3,Near North Coast of Irian Jaya
2023-01-06,17:09:56.588,-0.36,122.74,10,2.5,Minahassa Peninsula - Sulawesi
2023-01-06,15:53:38.223,1.68,99.46,167,3.5,Northern Sumatra - Indonesia
2023-01-06,12:49:02.626,-6.88,106.97,10,1.9,Java - Indonesia
2023-01-06,12:36:34.563,-2.79,128.14,10,3.8,Ceram Sea
2023-01-06,11:52:33.451,-2.42,140.73,10,2.6,Near North Coast of Irian Jaya
2023-01-06,11:14:04.091,-3.09,102.0,101,3.5,Southern Sumatra - Indonesia
2023-01-06,11:00:26.390,-2.87,130.12,10,2.8,Seram - Indonesia
2023-01-06,10:41:53.367,-8.26,116.55,11,2.7,Sumbawa Region - Indonesia
2023-01-06,10:30:06.700,-8.3,116.58,10,3.7,Sumbawa Region - Indonesia
2023-01-06,09:56:20.601,-0.14,122.95,134,2.5,Minahassa Peninsula - Sulawesi
2023-01-06,09:52:30.039,-2.47,140.7,10,2.2,Near North Coast of Irian Jaya
2023-01-06,09:20:42.027,-1.46,134.18,27,3.1,Irian Jaya Region - Indonesia
2023-01-06,09:15:40.731,-8.98,116.95,10,2.3,Sumbawa Region - Indonesia
2023-01-06,08:54:52.715,-2.56,140.79,10,2.5,Near North Coast of Irian Jaya
2023-01-06,08:34:06.848,-8.57,118.38,111,3.2,Sumbawa Region - Indonesia
2023-01-06,08:10:23.436,-8.04,118.18,48,3.0,Sumbawa Region - Indonesia
2023-01-06,08:07:00.185,2.38,98.93,136,3.2,Northern Sumatra - Indonesia
2023-01-06,07:12:29.502,-8.77,110.91,76,2.8,Java - Indonesia
2023-01-06,06:34:45.060,-2.44,140.74,10,2.8,Near North Coast of Irian Jaya
2023-01-06,06:14:00.291,5.4,97.0,10,3.6,Northern Sumatra - Indonesia
2023-01-06,05:21:15.955,-8.24,119.94,173,4.2,Flores Region - Indonesia
2023-01-06,05:21:15.955,-8.24,119.94,173,4.2,Flores Region - Indonesia
2023-01-06,05:10:02.446,0.67,98.1,10,2.4,Northern Sumatra - Indonesia
2023-01-06,04:46:57.424,-2.47,140.76,12,2.2,Near North Coast of Irian Jaya
2023-01-06,04:30:39.519,-10.3,119.22,18,3.6,Sumba Region - Indonesia
2023-01-06,03:55:12.189,-8.96,116.91,10,2.2,Sumbawa Region - Indonesia
2023-01-06,03:41:59.249,-8.24,115.57,12,2.7,Bali Region - Indonesia
2023-01-06,03:41:59.249,-8.24,115.57,12,2.7,Bali Region - Indonesia
2023-01-06,02:00:39.588,-2.74,129.5,10,3.5,Seram - Indonesia
2023-01-06,01:44:11.370,-2.21,122.31,10,3.5,Sulawesi - Indonesia
2023-01-06,01:40:30.263,-2.8,129.54,19,3.3,Seram - Indonesia
2023-01-07,19:08:11.738,-3.82,133.55,11,3.6,Irian Jaya Region - Indonesia
2023-01-07,17:45:39.516,-2.38,140.78,10,3.0,Near North Coast of Irian Jaya
2023-01-07,17:42:02.628,-2.27,140.73,10,2.4,Near North Coast of Irian Jaya
2023-01-07,17:39:25.363,-3.78,133.47,10,3.9,Irian Jaya Region - Indonesia
2023-01-07,17:16:14.622,-2.59,140.68,11,2.4,Near North Coast of Irian Jaya
2023-01-07,17:10:09.441,-8.43,107.8,21,4.1,Java - Indonesia
2023-01-07,17:09:38.475,-2.48,140.69,10,2.6,Near North Coast of Irian Jaya
2023-01-07,17:05:44.904,-2.41,140.77,10,3.2,Near North Coast of Irian Jaya
2023-01-07,16:40:26.040,-3.76,133.47,10,4.8,Irian Jaya Region - Indonesia
2023-01-07,16:40:26.040,-3.76,133.47,10,4.8,Irian Jaya Region - Indonesia
2023-01-07,16:22:09.916,-2.02,140.77,10,3.3,Near North Coast of Irian Jaya
2023-01-07,16:17:43.338,-2.28,140.87,10,3.3,Near North Coast of Irian Jaya
2023-01-07,16:09:05.709,-2.63,140.97,10,2.8,Near North Coast of Irian Jaya
2023-01-07,12:44:28.288,-6.05,130.44,173,4.1,Banda Sea
2023-01-07,11:54:32.417,-3.76,133.49,10,3.7,Irian Jaya Region - Indonesia
2023-01-07,10:16:48.114,-3.81,101.61,28,3.5,Southern Sumatra - Indonesia
2023-01-07,08:57:44.330,-2.41,140.72,10,3.3,Near North Coast of Irian Jaya
2023-01-07,08:49:02.158,-2.42,140.71,10,4.3,Near North Coast of Irian Jaya
2023-01-07,06:50:21.802,0.12,98.52,37,4.7,Northern Sumatra - Indonesia
2023-01-07,06:46:55.754,1.48,126.34,17,3.9,Northern Molucca Sea
2023-01-07,05:21:57.724,4.02,122.9,554,5.1,Celebes Sea
2023-01-07,05:21:25.022,2.06,126.95,27,3.5,Northern Molucca Sea
2023-01-07,03:39:41.032,-4.47,130.76,50,3.8,Banda Sea
2023-01-07,03:14:13.396,-1.38,101.76,181,3.8,Southern Sumatra - Indonesia
2023-01-07,03:01:25.245,-3.79,133.48,10,4.9,Irian Jaya Region - Indonesia
2023-01-07,01:52:35.893,-0.78,99.73,61,3.3,Southern Sumatra - Indonesia
2023-01-08,23:25:18.878,-7.88,117.39,13,2.2,Bali Sea
2023-01-08,22:54:20.684,-8.68,122.93,105,4.1,Flores Region - Indonesia
2023-01-08,22:41:07.077,-8.03,110.41,10,3.1,Java - Indonesia
2023-01-08,22:05:42.458,-8.69,115.24,105,3.1,Bali Region - Indonesia
2023-01-08,21:38:46.381,-2.36,134.07,10,2.6,Irian Jaya Region - Indonesia
2023-01-08,20:13:09.013,1.57,127.18,10,3.0,Halmahera - Indonesia
2023-01-08,20:02:05.172,1.6,128.29,63,4.6,Halmahera - Indonesia
2023-01-08,19:31:17.790,-2.45,140.71,10,2.2,Near North Coast of Irian Jaya
2023-01-08,19:28:04.599,-4.08,128.57,25,2.5,Banda Sea
2023-01-08,19:07:41.358,-7.81,107.04,19,2.3,Java - Indonesia
2023-01-08,18:17:10.890,-6.8,107.09,12,1.9,Java - Indonesia
2023-01-08,18:06:54.019,-6.8,107.07,10,1.7,Java - Indonesia
2023-01-08,17:22:59.334,1.82,98.94,106,2.9,Northern Sumatra - Indonesia
2023-01-08,17:22:42.177,-5.88,104.08,10,2.6,Southern Sumatra - Indonesia
2023-01-08,16:22:23.228,-1.71,99.92,10,2.7,Southern Sumatra - Indonesia
2023-01-08,16:04:38.705,-2.37,140.27,15,2.5,Near North Coast of Irian Jaya
2023-01-08,15:43:49.738,-2.55,121.31,10,2.7,Sulawesi - Indonesia
2023-01-08,14:27:22.491,-2.18,140.77,10,2.7,Near North Coast of Irian Jaya
2023-01-08,10:54:31.156,-9.08,124.12,57,3.9,Timor Region
2023-01-08,07:53:06.310,-9.54,117.62,27,3.4,Sumbawa Region - Indonesia
2023-01-08,04:31:18.461,-2.04,128.42,74,3.9,Ceram Sea
2023-01-08,03:41:42.547,-4.27,102.2,31,3.8,Southern Sumatra - Indonesia
2023-01-08,00:55:54.813,-7.7,106.17,12,3.5,Java - Indonesia
2023-01-08,00:40:31.978,-8.25,115.51,11,3.6,Bali Region - Indonesia
2023-01-09,22:41:26.956,-6.51,104.67,10,4.8,Sunda Strait - Indonesia
2023-01-09,22:20:28.995,-7.18,130.1,169,4.8,Tanimbar Islands Reg. - Indonesia
2023-01-09,21:59:54.174,2.51,125.6,12,3.9,Talaud Islands - Indonesia
2023-01-09,21:25:24.081,-7.2,130.08,147,4.3,Tanimbar Islands Reg. - Indonesia
2023-01-09,20:38:42.144,0.21,100.0,10,3.6,Northern Sumatra - Indonesia
2023-01-09,20:26:57.419,-2.5,121.18,10,2.4,Sulawesi - Indonesia
2023-01-09,20:22:04.628,-7.17,130.62,126,4.4,Tanimbar Islands Reg. - Indonesia
2023-01-09,20:09:37.935,0.29,100.05,10,3.7,Northern Sumatra - Indonesia
2023-01-09,20:06:02.325,-7.2,132.14,74,4.2,Tanimbar Islands Reg. - Indonesia
2023-01-09,19:41:19.025,-7.35,130.42,10,4.1,Tanimbar Islands Reg. - Indonesia
2023-01-09,19:17:48.948,-7.26,130.2,146,4.6,Tanimbar Islands Reg. - Indonesia
2023-01-09,18:55:45.690,-9.76,118.83,10,2.9,Sumbawa Region - Indonesia
2023-01-09,18:43:57.234,-7.18,130.27,154,4.8,Tanimbar Islands Reg. - Indonesia
2023-01-09,18:09:53.671,-7.17,130.26,116,5.4,Tanimbar Islands Reg. - Indonesia
2023-01-09,18:09:53.671,-7.17,130.26,116,5.4,Tanimbar Islands Reg. - Indonesia
2023-01-09,17:47:34.171,-7.38,130.18,122,7.5,Tanimbar Islands Reg. - Indonesia
2023-01-09,17:47:34.171,-7.38,130.18,122,7.5,Tanimbar Islands Reg. - Indonesia
2023-01-09,17:32:24.288,-8.72,116.05,85,3.2,Sumbawa Region - Indonesia
2023-01-09,17:17:20.128,-9.15,124.22,31,3.9,Timor Region
2023-01-09,17:17:01.996,0.23,99.95,10,2.0,Northern Sumatra - Indonesia
2023-01-09,17:15:51.011,-9.52,121.49,84,3.0,Savu Sea
2023-01-09,16:59:35.260,-3.28,128.96,10,1.7,Seram - Indonesia
2023-01-09,16:44:09.090,-0.83,121.63,10,2.6,Minahassa Peninsula - Sulawesi
2023-01-09,16:18:53.074,-3.25,128.98,10,2.0,Seram - Indonesia
2023-01-09,16:06:03.956,-8.97,124.17,39,2.5,Timor Region
2023-01-09,12:26:34.108,-8.93,111.13,59,5.3,Java - Indonesia
2023-01-09,12:26:34.108,-8.93,111.13,59,5.3,Java - Indonesia
2023-01-09,11:44:26.711,2.42,98.91,127,2.4,Northern Sumatra - Indonesia
2023-01-09,11:04:41.093,2.48,125.95,75,3.6,Talaud Islands - Indonesia
2023-01-09,10:31:07.845,-1.97,127.94,10,2.9,Halmahera - Indonesia
2023-01-09,10:00:22.554,0.63,121.94,61,2.3,Minahassa Peninsula - Sulawesi
2023-01-09,09:46:39.801,-6.89,105.26,19,3.7,Sunda Strait - Indonesia
2023-01-09,09:25:52.545,-0.56,119.82,10,2.3,Minahassa Peninsula - Sulawesi
2023-01-09,09:17:37.747,-8.74,110.88,31,2.7,Java - Indonesia
2023-01-09,08:27:24.184,-2.22,140.9,10,3.1,Near North Coast of Irian Jaya
2023-01-09,08:26:05.809,-8.6,121.74,26,1.5,Flores Region - Indonesia
2023-01-09,07:40:17.102,2.02,127.26,96,3.5,Northern Molucca Sea
2023-01-09,07:23:01.005,-7.25,125.18,443,4.6,Banda Sea
2023-01-09,07:07:22.938,-10.62,120.2,18,3.6,Sumba Region - Indonesia
2023-01-09,05:35:49.583,-6.89,107.18,20,1.6,Java - Indonesia
2023-01-09,03:45:29.146,-8.97,124.25,87,4.4,Timor Region
2023-01-09,03:38:19.606,-5.49,103.64,27,2.9,Southern Sumatra - Indonesia
2023-01-09,03:37:14.908,-5.35,129.12,270,4.3,Banda Sea
2023-01-09,00:46:36.659,-2.37,140.82,10,3.7,Near North Coast of Irian Jaya
2023-01-10,23:35:01.470,-5.53,102.98,13,4.1,Southern Sumatra - Indonesia
2023-01-10,22:59:18.561,-7.24,130.53,137,4.0,Tanimbar Islands Reg. - Indonesia
2023-01-10,22:44:20.197,-2.32,140.58,44,2.9,Near North Coast of Irian Jaya
2023-01-10,22:22:23.347,-2.14,101.7,121,2.5,Southern Sumatra - Indonesia
2023-01-10,21:36:17.046,-0.1,123.16,104,3.3,Minahassa Peninsula - Sulawesi
2023-01-10,19:35:27.132,-7.05,107.03,10,1.4,Java - Indonesia
2023-01-10,16:46:53.913,-0.04,123.18,142,2.9,Minahassa Peninsula - Sulawesi
2023-01-10,16:21:21.559,-2.41,140.66,10,3.0,Near North Coast of Irian Jaya
2023-01-10,15:52:20.228,-6.85,107.1,10,1.7,Java - Indonesia
2023-01-10,15:33:52.910,1.0,123.62,20,4.1,Minahassa Peninsula - Sulawesi
2023-01-10,13:27:33.935,-7.22,130.12,146,4.3,Tanimbar Islands Reg. - Indonesia
2023-01-10,12:51:17.742,-2.37,140.73,10,3.2,Near North Coast of Irian Jaya
2023-01-10,12:30:10.253,-7.96,106.71,15,2.8,Java - Indonesia
2023-01-10,11:55:16.928,-7.13,130.32,110,4.5,Tanimbar Islands Reg. - Indonesia
2023-01-10,10:51:09.916,-3.9,129.21,37,3.2,Seram - Indonesia
2023-01-10,09:37:16.790,-8.02,107.87,19,3.1,Java - Indonesia
2023-01-10,09:23:20.596,-8.06,107.93,24,4.3,Java - Indonesia
2023-01-10,09:04:13.303,-9.44,117.79,29,2.9,Sumbawa Region - Indonesia
2023-01-10,08:39:08.437,0.25,99.94,10,2.6,Northern Sumatra - Indonesia
2023-01-10,07:41:52.208,-7.19,129.94,126,4.3,Banda Sea
2023-01-10,07:40:45.415,-8.82,115.49,68,2.7,Bali Region - Indonesia
2023-01-10,07:29:52.376,-6.85,107.03,25,2.0,Java - Indonesia
2023-01-10,06:59:49.061,-3.82,102.46,86,2.9,Southern Sumatra - Indonesia
2023-01-10,06:35:32.360,-2.4,140.75,10,3.9,Near North Coast of Irian Jaya
2023-01-10,06:35:15.905,0.23,99.95,10,2.2,Northern Sumatra - Indonesia
2023-01-10,05:57:58.342,-9.21,115.69,75,3.6,South of Bali - Indonesia
2023-01-10,05:39:54.568,-9.49,112.89,12,3.3,South of Java - Indonesia
2023-01-10,02:49:34.818,-7.12,130.16,111,4.8,Tanimbar Islands Reg. - Indonesia
2023-01-10,00:57:47.694,-2.23,127.81,11,3.5,Ceram Sea
2023-01-11,23:51:52.225,-3.7,134.93,10,4.1,Irian Jaya Region - Indonesia
2023-01-11,23:35:56.035,-8.54,118.39,110,3.2,Sumbawa Region - Indonesia
2023-01-11,23:25:01.327,-3.8,136.45,10,3.7,Irian Jaya - Indonesia
2023-01-11,22:48:14.296,-0.07,124.47,81,3.4,Southern Molucca Sea
2023-01-11,21:39:13.956,-2.34,140.8,10,2.6,Near North Coast of Irian Jaya
2023-01-11,21:33:35.792,-8.73,118.16,10,1.8,Sumbawa Region - Indonesia
2023-01-11,21:12:49.617,-2.82,139.62,68,2.4,Near North Coast of Irian Jaya
2023-01-11,21:06:45.983,-7.87,117.68,23,2.2,Bali Sea
2023-01-11,20:42:40.751,0.52,124.99,57,3.2,Minahassa Peninsula - Sulawesi
2023-01-11,20:40:28.795,-3.06,139.91,100,3.5,Irian Jaya - Indonesia
2023-01-11,20:30:03.944,-5.11,103.92,74,2.2,Southern Sumatra - Indonesia
2023-01-11,20:23:00.344,-2.96,128.4,12,2.2,Ceram Sea
2023-01-11,20:04:20.993,-8.34,121.51,10,4.1,Flores Region - Indonesia
2023-01-11,19:55:06.161,-0.07,123.5,96,4.4,Minahassa Peninsula - Sulawesi
2023-01-11,19:55:06.161,-0.07,123.5,96,4.4,Minahassa Peninsula - Sulawesi
2023-01-11,19:03:38.478,-9.35,110.76,18,3.3,South of Java - Indonesia
2023-01-11,19:02:51.970,0.86,126.9,17,3.2,Northern Molucca Sea
2023-01-11,18:44:32.574,3.18,126.43,10,3.5,Talaud Islands - Indonesia
2023-01-11,18:39:41.230,-2.4,140.73,10,2.3,Near North Coast of Irian Jaya
2023-01-11,17:42:58.424,-6.51,104.04,10,2.3,Sunda Strait - Indonesia
2023-01-11,17:31:18.179,0.58,122.59,55,2.0,Minahassa Peninsula - Sulawesi
2023-01-11,17:29:04.790,-7.89,118.87,28,3.1,Flores Sea
2023-01-11,14:44:56.675,0.32,99.87,10,3.2,Northern Sumatra - Indonesia
2023-01-11,14:35:54.783,-2.44,140.74,10,2.8,Near North Coast of Irian Jaya
2023-01-11,14:25:52.066,-2.19,140.08,10,2.4,Near North Coast of Irian Jaya
2023-01-11,14:18:48.149,-4.94,102.83,16,2.6,Southern Sumatra - Indonesia
2023-01-11,14:08:17.758,-9.79,118.97,10,2.7,Sumbawa Region - Indonesia
2023-01-11,13:05:32.730,-6.23,131.78,116,3.5,Tanimbar Islands Reg. - Indonesia
2023-01-11,12:47:19.013,-2.33,102.1,176,3.4,Southern Sumatra - Indonesia
2023-01-11,12:35:40.374,-8.33,116.82,13,2.2,Sumbawa Region - Indonesia
2023-01-11,12:24:39.658,-2.4,140.74,10,2.6,Near North Coast of Irian Jaya
2023-01-11,12:20:54.061,1.8,121.89,28,2.8,Minahassa Peninsula - Sulawesi
2023-01-11,11:53:30.498,-6.79,131.51,56,4.8,Tanimbar Islands Reg. - Indonesia
2023-01-11,11:53:30.498,-6.79,131.51,56,4.8,Tanimbar Islands Reg. - Indonesia
2023-01-11,11:34:37.424,-7.07,105.33,10,3.0,Java - Indonesia
2023-01-11,11:32:20.693,-7.2,130.18,137,3.9,Tanimbar Islands Reg. - Indonesia
2023-01-11,11:30:41.175,-9.05,123.88,58,2.8,Timor Region
2023-01-11,08:48:22.509,-6.85,107.0,10,2.4,Java - Indonesia
2023-01-11,07:59:23.233,-2.72,137.04,62,4.9,Irian Jaya - Indonesia
2023-01-11,07:59:23.233,-2.72,137.04,62,4.9,Irian Jaya - Indonesia
2023-01-11,07:48:00.978,-7.08,105.36,10,3.4,Java - Indonesia
2023-01-11,05:20:19.500,-7.37,106.86,16,2.5,Java - Indonesia
2023-01-11,05:13:25.025,-6.79,107.1,19,2.0,Java - Indonesia
2023-01-11,03:38:22.196,-1.36,120.31,10,2.5,Sulawesi - Indonesia
2023-01-11,03:20:47.213,1.62,127.06,98,3.8,Halmahera - Indonesia
2023-01-11,01:48:12.136,-7.77,130.09,20,4.5,Tanimbar Islands Reg. - Indonesia
2023-01-11,01:00:00.569,-7.25,107.19,123,2.4,Java - Indonesia
2023-01-11,00:51:42.598,-6.86,107.08,10,1.9,Java - Indonesia
2023-01-12,23:56:45.175,-2.33,140.77,10,3.4,Near North Coast of Irian Jaya
2023-01-12,22:50:33.290,-2.35,140.76,10,2.8,Near North Coast of Irian Jaya
2023-01-12,22:00:02.731,1.31,98.95,75,1.7,Northern Sumatra - Indonesia
2023-01-12,21:48:19.758,2.19,125.8,10,4.7,Talaud Islands - Indonesia
2023-01-12,21:48:19.758,2.19,125.8,10,4.7,Talaud Islands - Indonesia
2023-01-12,21:45:47.655,-3.46,128.32,10,1.8,Seram - Indonesia
2023-01-12,21:41:13.329,-1.78,119.25,10,2.8,Sulawesi - Indonesia
2023-01-12,21:29:59.047,-8.82,110.94,11,2.9,Java - Indonesia
2023-01-12,21:28:48.169,-2.44,140.93,12,3.5,Near North Coast of Irian Jaya
2023-01-12,21:25:17.846,-2.43,140.72,10,3.3,Near North Coast of Irian Jaya
2023-01-12,21:23:08.842,-2.62,140.85,10,2.6,Near North Coast of Irian Jaya
2023-01-12,21:22:25.062,-2.52,140.76,10,2.0,Near North Coast of Irian Jaya
2023-01-12,21:17:41.518,-2.54,140.78,10,2.3,Near North Coast of Irian Jaya
2023-01-12,21:13:05.590,-2.48,140.72,10,2.5,Near North Coast of Irian Jaya
2023-01-12,21:12:16.610,-0.44,98.45,10,2.8,Southern Sumatra - Indonesia
2023-01-12,21:08:25.587,-2.36,140.78,10,3.0,Near North Coast of Irian Jaya
2023-01-12,20:54:06.421,-2.36,140.72,10,3.0,Near North Coast of Irian Jaya
2023-01-12,20:42:58.323,-2.45,140.76,10,2.6,Near North Coast of Irian Jaya
2023-01-12,20:42:49.906,-1.75,119.16,12,3.7,Sulawesi - Indonesia
2023-01-12,20:40:08.602,-1.73,119.22,10,3.4,Sulawesi - Indonesia
2023-01-12,20:18:29.515,-2.75,140.49,10,4.5,Near North Coast of Irian Jaya
2023-01-12,20:18:29.515,-2.75,140.49,10,4.5,Near North Coast of Irian Jaya
2023-01-12,19:01:01.357,2.76,98.93,152,2.8,Northern Sumatra - Indonesia
2023-01-12,18:50:27.661,-3.07,101.69,65,2.4,Southern Sumatra - Indonesia
2023-01-12,17:50:16.187,-7.91,117.51,18,2.4,Bali Sea
2023-01-12,17:35:42.731,2.23,128.3,159,3.9,Halmahera - Indonesia
2023-01-12,15:09:04.765,-0.52,123.34,27,3.4,Minahassa Peninsula - Sulawesi
2023-01-12,14:05:50.261,-4.6,102.17,20,3.9,Southern Sumatra - Indonesia
2023-01-12,13:00:34.882,-6.85,107.1,10,1.8,Java - Indonesia
2023-01-12,12:16:00.801,-7.14,107.03,97,2.4,Java - Indonesia
2023-01-12,09:44:53.581,-2.33,101.97,157,4.0,Southern Sumatra - Indonesia
2023-01-12,08:50:44.384,1.73,126.35,12,3.4,Northern Molucca Sea
2023-01-12,06:57:23.367,-6.84,107.09,10,2.2,Java - Indonesia
2023-01-12,02:53:15.552,-6.81,130.56,109,4.4,Banda Sea
2023-01-13,22:41:01.768,-5.13,103.01,60,5.4,Southern Sumatra - Indonesia
2023-01-13,22:41:01.768,-5.13,103.01,60,5.4,Southern Sumatra - Indonesia
2023-01-13,22:25:47.273,-6.21,130.41,156,4.3,Banda Sea
2023-01-13,22:25:47.273,-6.21,130.41,156,4.3,Banda Sea
2023-01-13,22:22:04.947,-6.88,129.86,138,4.2,Banda Sea
2023-01-13,22:09:06.948,0.66,99.6,105,2.9,Northern Sumatra - Indonesia
2023-01-13,22:04:00.557,4.31,96.77,130,3.3,Northern Sumatra - Indonesia
2023-01-13,21:38:38.423,-9.53,118.73,24,3.3,Sumbawa Region - Indonesia
2023-01-13,21:30:39.329,-0.19,123.88,10,3.1,Minahassa Peninsula - Sulawesi
2023-01-13,21:19:22.605,4.27,96.81,128,3.9,Northern Sumatra - Indonesia
2023-01-13,20:47:30.187,2.02,99.0,10,2.5,Northern Sumatra - Indonesia
2023-01-13,20:42:28.198,-7.79,133.48,10,4.5,Aru Islands Region - Indonesia
2023-01-13,20:39:05.864,-2.22,140.76,12,3.7,Near North Coast of Irian Jaya
2023-01-13,20:28:13.560,0.86,122.56,56,2.4,Minahassa Peninsula - Sulawesi
2023-01-13,20:17:43.485,-9.3,123.77,63,3.2,Timor Region
2023-01-13,20:00:30.034,-3.65,101.93,10,2.7,Southern Sumatra - Indonesia
2023-01-13,20:00:15.162,-4.05,128.78,10,3.8,Banda Sea
2023-01-13,19:44:59.234,-0.17,123.06,79,2.9,Minahassa Peninsula - Sulawesi
2023-01-13,19:36:03.923,-8.71,118.69,10,2.3,Sumbawa Region - Indonesia
2023-01-13,18:04:25.846,1.14,121.68,19,3.0,Minahassa Peninsula - Sulawesi
2023-01-13,17:49:04.527,-7.96,110.48,19,1.8,Java - Indonesia
2023-01-13,15:43:46.308,-8.84,119.59,95,3.0,Flores Region - Indonesia
2023-01-13,15:41:45.244,-2.53,138.56,53,5.0,Irian Jaya - Indonesia
2023-01-13,15:41:45.244,-2.53,138.56,53,5.0,Irian Jaya - Indonesia
2023-01-13,15:34:06.346,-2.61,140.64,16,2.1,Near North Coast of Irian Jaya
2023-01-13,15:03:54.637,1.81,127.3,92,5.0,Halmahera - Indonesia
2023-01-13,14:53:47.396,-0.12,123.52,123,3.8,Minahassa Peninsula - Sulawesi
2023-01-13,13:44:35.976,-0.75,100.59,10,2.4,Southern Sumatra - Indonesia
2023-01-13,13:10:11.322,0.05,123.68,134,3.6,Minahassa Peninsula - Sulawesi
2023-01-13,12:44:50.949,-7.16,130.55,129,4.9,Tanimbar Islands Reg. - Indonesia
2023-01-13,12:44:50.949,-7.16,130.55,129,4.9,Tanimbar Islands Reg. - Indonesia
2023-01-13,11:54:17.605,-3.77,133.5,11,4.0,Irian Jaya Region - Indonesia
2023-01-13,11:46:43.780,-7.23,109.83,10,3.5,Java - Indonesia
2023-01-13,11:42:59.989,-9.38,110.46,12,3.5,South of Java - Indonesia
2023-01-13,09:36:10.631,4.41,96.62,10,3.1,Northern Sumatra - Indonesia
2023-01-13,08:59:43.109,-9.44,117.98,33,3.0,Sumbawa Region - Indonesia
2023-01-13,08:13:12.449,-8.58,118.4,113,3.0,Sumbawa Region - Indonesia
2023-01-13,06:51:14.582,-5.64,130.31,10,3.8,Banda Sea
2023-01-13,06:28:36.051,1.33,98.86,83,3.5,Northern Sumatra - Indonesia
2023-01-13,06:27:00.921,-2.41,140.73,10,3.9,Near North Coast of Irian Jaya
2023-01-13,05:39:43.544,-5.49,103.04,13,3.2,Southern Sumatra - Indonesia
2023-01-13,05:26:24.037,-7.65,106.35,27,3.3,Java - Indonesia
2023-01-13,05:19:47.438,5.39,95.26,97,2.8,Northern Sumatra - Indonesia
2023-01-13,05:02:48.579,-2.83,121.6,14,2.3,Sulawesi - Indonesia
2023-01-13,04:53:13.718,-9.05,118.35,70,2.0,Sumbawa Region - Indonesia
2023-01-13,04:43:23.532,5.61,126.69,120,4.5,Mindanao - Philippines
2023-01-13,04:20:35.163,0.39,122.24,173,2.2,Minahassa Peninsula - Sulawesi
2023-01-13,04:14:54.094,-8.21,115.61,10,3.7,Bali Region - Indonesia
2023-01-13,03:48:39.076,0.54,122.66,10,2.0,Minahassa Peninsula - Sulawesi
2023-01-13,01:19:32.510,-0.22,129.73,10,4.7,Halmahera - Indonesia
2023-01-13,01:19:32.510,-0.22,129.73,10,4.7,Halmahera - Indonesia
2023-01-14,22:40:31.840,-3.64,128.38,111,3.5,Seram - Indonesia
2023-01-14,22:15:00.359,1.63,126.65,10,4.2,Northern Molucca Sea
2023-01-14,21:59:08.174,-1.97,121.38,10,2.3,Sulawesi - Indonesia
2023-01-14,20:32:18.142,-6.51,106.53,148,4.7,Java - Indonesia
2023-01-14,20:32:18.142,-6.51,106.53,148,4.7,Java - Indonesia
2023-01-14,20:29:46.189,-3.28,140.12,49,3.0,Irian Jaya - Indonesia
2023-01-14,20:12:19.732,-3.19,139.97,67,3.0,Irian Jaya - Indonesia
2023-01-14,20:09:49.491,0.01,125.87,25,3.9,Northern Molucca Sea
2023-01-14,20:08:43.113,2.14,128.37,68,2.8,Halmahera - Indonesia
2023-01-14,19:51:14.066,-8.78,116.11,10,2.4,Sumbawa Region - Indonesia
2023-01-14,19:42:06.578,-8.79,116.11,10,2.5,Sumbawa Region - Indonesia
2023-01-14,19:28:12.007,-3.64,101.48,10,4.1,Southern Sumatra - Indonesia
2023-01-14,18:44:16.739,-9.79,119.08,10,3.3,Sumba Region - Indonesia
2023-01-14,18:01:40.155,4.53,96.49,10,2.5,Northern Sumatra - Indonesia
2023-01-14,17:41:58.839,1.69,127.04,30,3.3,Halmahera - Indonesia
2023-01-14,16:30:15.193,-8.64,116.82,19,2.2,Sumbawa Region - Indonesia
2023-01-14,16:13:53.835,-8.69,116.21,10,2.1,Sumbawa Region - Indonesia
2023-01-14,12:49:18.941,0.12,127.23,114,2.9,Halmahera - Indonesia
2023-01-14,11:12:54.970,-7.14,109.75,27,1.8,Java - Indonesia
2023-01-14,08:24:33.219,-0.07,132.66,17,3.3,Irian Jaya Region - Indonesia
2023-01-14,06:48:12.371,-9.26,123.34,32,4.6,Timor Region
2023-01-14,05:47:01.536,4.5,96.52,10,3.5,Northern Sumatra - Indonesia
2023-01-14,04:27:59.642,-9.49,118.13,29,4.1,Sumbawa Region - Indonesia
2023-01-14,04:10:33.054,-7.56,128.83,157,4.5,Banda Sea
2023-01-14,03:56:48.070,-10.93,117.76,10,3.7,South of Sumbawa - Indonesia
2023-01-14,03:21:30.621,-2.38,140.73,10,3.1,Near North Coast of Irian Jaya
2023-01-14,02:31:15.118,-8.51,117.74,129,2.5,Sumbawa Region - Indonesia
2023-01-14,01:47:08.313,-6.99,106.0,25,3.1,Sunda Strait - Indonesia
2023-01-14,01:38:45.576,0.91,125.72,24,3.0,Northern Molucca Sea
2023-01-15,23:32:38.177,-9.56,119.29,36,3.6,Sumba Region - Indonesia
2023-01-15,23:25:46.544,1.81,126.37,13,3.4,Northern Molucca Sea
2023-01-15,22:30:03.048,1.97,97.91,47,6.2,Northern Sumatra - Indonesia
2023-01-15,22:30:03.048,1.97,97.91,47,6.2,Northern Sumatra - Indonesia
2023-01-15,22:02:35.742,-0.12,123.42,99,4.3,Minahassa Peninsula - Sulawesi
2023-01-15,18:59:19.757,-6.83,107.1,10,2.0,Java - Indonesia
2023-01-15,17:56:40.751,-2.86,129.1,10,2.9,Seram - Indonesia
2023-01-15,15:59:40.557,1.7,127.21,116,4.6,Halmahera - Indonesia
2023-01-15,15:59:40.557,1.7,127.21,116,4.6,Halmahera - Indonesia
2023-01-15,15:34:08.963,-7.48,106.95,90,2.8,Java - Indonesia
2023-01-15,15:27:03.164,-7.8,127.3,79,4.4,Banda Sea
2023-01-15,14:49:52.047,-8.59,116.17,10,2.7,Sumbawa Region - Indonesia
2023-01-15,13:37:59.666,1.11,99.92,170,3.3,Northern Sumatra - Indonesia
2023-01-15,11:27:47.156,0.32,124.18,10,3.2,Minahassa Peninsula - Sulawesi
2023-01-15,07:56:33.343,-5.12,101.97,22,3.8,Southwest of Sumatra - Indonesia
2023-01-15,07:32:17.862,1.71,126.57,25,4.3,Northern Molucca Sea
2023-01-15,05:13:24.718,1.49,127.87,10,2.9,Halmahera - Indonesia
2023-01-15,04:33:59.644,-7.99,117.81,25,2.8,Bali Sea
2023-01-15,03:35:31.942,-6.48,128.11,345,4.5,Banda Sea
2023-01-15,03:28:15.868,0.61,124.83,15,3.6,Minahassa Peninsula - Sulawesi
2023-01-15,03:11:18.419,-1.91,99.65,10,2.9,Southern Sumatra - Indonesia
2023-01-15,03:01:14.256,-2.37,101.16,42,3.1,Southern Sumatra - Indonesia
2023-01-15,02:58:06.370,2.26,95.83,36,2.8,Off West Coast of Northern Sumatra
2023-01-15,02:43:23.605,-7.8,108.19,81,3.1,Java - Indonesia
2023-01-15,01:20:13.442,-8.57,118.38,109,3.8,Sumbawa Region - Indonesia
2023-01-15,01:20:09.757,5.43,97.01,10,4.0,Northern Sumatra - Indonesia
2023-01-16,18:48:38.563,0.75,126.29,24,2.9,Northern Molucca Sea
2023-01-16,18:40:12.054,-2.45,140.74,10,3.7,Near North Coast of Irian Jaya
2023-01-16,18:01:03.677,-7.54,106.64,75,3.8,Java - Indonesia
2023-01-16,17:18:13.415,-2.92,136.49,55,4.3,Irian Jaya Region - Indonesia
2023-01-16,17:16:45.558,-6.84,107.04,10,2.7,Java - Indonesia
2023-01-16,13:18:04.573,-2.37,120.62,10,3.0,Sulawesi - Indonesia
2023-01-16,13:10:04.272,-9.19,115.51,76,4.7,South of Bali - Indonesia
2023-01-16,11:35:42.816,-8.96,123.92,84,3.6,Flores Region - Indonesia
2023-01-16,08:47:30.758,-0.05,123.58,101,4.0,Minahassa Peninsula - Sulawesi
2023-01-16,08:05:46.439,-7.97,120.72,11,3.9,Flores Sea
2023-01-16,06:43:03.528,2.25,128.6,10,4.1,Halmahera - Indonesia
2023-01-16,02:38:17.584,-6.85,107.1,10,1.6,Java - Indonesia
2023-01-17,23:40:36.425,-3.93,133.57,10,3.9,Irian Jaya Region - Indonesia
2023-01-17,23:15:43.429,1.58,99.21,10,3.8,Northern Sumatra - Indonesia
2023-01-17,23:03:13.077,1.59,99.24,10,3.6,Northern Sumatra - Indonesia
2023-01-17,22:47:50.965,-3.88,133.57,11,3.7,Irian Jaya Region - Indonesia
2023-01-17,22:11:11.723,0.35,122.3,107,4.3,Minahassa Peninsula - Sulawesi
2023-01-17,22:08:56.396,-2.7,101.2,57,2.7,Southern Sumatra - Indonesia
2023-01-17,22:07:20.689,-3.36,128.36,10,2.7,Seram - Indonesia
2023-01-17,21:36:46.671,0.37,126.01,18,3.3,Northern Molucca Sea
2023-01-17,21:07:32.875,-3.07,128.77,10,2.9,Seram - Indonesia
2023-01-17,20:47:02.693,-2.39,140.72,10,3.8,Near North Coast of Irian Jaya
2023-01-17,20:29:13.527,-7.19,107.58,10,2.5,Java - Indonesia
2023-01-17,20:22:10.994,-3.37,128.35,10,2.0,Seram - Indonesia
2023-01-17,20:19:22.674,-3.38,128.35,10,2.3,Seram - Indonesia
2023-01-17,20:18:01.855,-3.06,128.78,10,2.5,Seram - Indonesia
2023-01-17,19:49:11.819,-3.45,128.33,10,2.4,Seram - Indonesia
2023-01-17,19:26:36.458,0.33,119.47,10,3.2,Minahassa Peninsula - Sulawesi
2023-01-17,19:22:40.636,-1.22,99.78,39,3.0,Southern Sumatra - Indonesia
2023-01-17,19:21:52.901,-0.56,133.65,16,3.1,Irian Jaya Region - Indonesia
2023-01-17,19:20:33.315,1.14,121.47,10,2.9,Minahassa Peninsula - Sulawesi
2023-01-17,19:18:42.258,-8.75,114.91,73,3.1,Bali Region - Indonesia
2023-01-17,18:23:39.353,-1.64,99.6,17,3.7,Southern Sumatra - Indonesia
2023-01-17,18:22:56.302,2.75,128.38,225,3.4,Halmahera - Indonesia
2023-01-17,18:02:49.180,-9.06,116.95,10,3.2,Sumbawa Region - Indonesia
2023-01-17,17:37:18.048,-6.84,107.1,10,2.6,Java - Indonesia
2023-01-17,17:09:21.711,-7.73,118.62,27,2.5,Flores Sea
2023-01-17,16:50:16.680,-5.34,130.07,192,4.1,Banda Sea
2023-01-17,16:12:01.241,-6.79,107.09,10,2.7,Java - Indonesia
2023-01-17,15:36:43.552,-8.81,120.62,31,2.0,Flores Region - Indonesia
2023-01-17,15:24:29.270,-9.02,120.61,10,3.0,Sumba Region - Indonesia
2023-01-17,15:21:26.219,-8.34,120.62,29,4.9,Flores Region - Indonesia
2023-01-17,15:21:26.219,-8.34,120.62,29,4.9,Flores Region - Indonesia
2023-01-17,13:17:25.285,-8.58,118.39,112,2.6,Sumbawa Region - Indonesia
2023-01-17,13:10:19.222,-7.78,107.28,34,3.5,Java - Indonesia
2023-01-17,12:58:48.102,0.23,97.04,38,3.5,Northern Sumatra - Indonesia
2023-01-17,11:58:04.564,-2.23,123.94,10,4.0,Sulawesi - Indonesia
2023-01-17,09:47:56.884,-2.4,140.38,12,4.1,Near North Coast of Irian Jaya
2023-01-17,08:39:44.810,-6.84,107.08,10,1.7,Java - Indonesia
2023-01-17,07:44:54.335,-6.91,107.18,71,2.0,Java - Indonesia
2023-01-17,05:49:41.432,-6.95,107.01,10,2.3,Java - Indonesia
2023-01-17,05:04:16.863,-5.22,128.77,10,3.4,Banda Sea
2023-01-17,04:50:47.172,-1.66,99.64,19,4.6,Southern Sumatra - Indonesia
2023-01-17,04:36:13.396,-9.22,112.49,25,4.8,South of Java - Indonesia
2023-01-17,04:36:13.396,-9.22,112.49,25,4.8,South of Java - Indonesia
2023-01-17,03:59:18.927,1.75,126.96,11,3.2,Northern Molucca Sea
2023-01-17,03:35:48.890,0.01,122.68,70,2.9,Minahassa Peninsula - Sulawesi
2023-01-17,03:35:40.431,-7.24,107.6,10,1.8,Java - Indonesia
2023-01-17,02:51:40.187,0.54,128.08,10,3.0,Halmahera - Indonesia
2023-01-17,02:14:02.454,-2.37,140.73,10,4.0,Near North Coast of Irian Jaya
2023-01-17,02:09:38.228,-3.75,128.52,115,4.6,Seram - Indonesia
2023-01-17,02:09:38.228,-3.75,128.52,115,4.6,Seram - Indonesia
2023-01-17,02:05:35.347,-2.67,140.41,16,2.9,Near North Coast of Irian Jaya
2023-01-18,23:10:22.091,2.81,127.09,10,3.9,Northern Molucca Sea
2023-01-18,22:50:03.105,2.67,127.2,155,3.5,Northern Molucca Sea
2023-01-18,22:41:02.176,1.6,127.0,114,3.1,Northern Molucca Sea
2023-01-18,22:10:29.305,0.57,126.18,11,3.4,Northern Molucca Sea
2023-01-18,22:01:26.623,-0.72,133.68,13,4.8,Irian Jaya Region - Indonesia
2023-01-18,21:17:33.515,2.64,127.21,35,3.2,Northern Molucca Sea
2023-01-18,21:05:30.532,-4.41,104.76,140,2.9,Southern Sumatra - Indonesia
2023-01-18,20:57:48.897,2.97,127.14,19,4.1,Northern Molucca Sea
2023-01-18,20:38:57.202,3.69,127.17,12,3.7,Talaud Islands - Indonesia
2023-01-18,20:35:53.953,-3.6,128.1,26,1.6,Seram - Indonesia
2023-01-18,20:27:19.534,-6.35,130.06,141,3.9,Banda Sea
2023-01-18,20:15:34.252,-2.23,128.26,10,2.7,Ceram Sea
2023-01-18,20:13:45.481,-9.72,113.97,10,3.6,South of Java - Indonesia
2023-01-18,19:55:02.901,2.56,127.08,14,4.7,Northern Molucca Sea
2023-01-18,19:06:09.235,-7.23,129.86,137,4.8,Banda Sea
2023-01-18,18:55:38.089,2.79,127.06,11,4.2,Northern Molucca Sea
2023-01-18,18:54:25.076,2.85,127.14,14,4.1,Northern Molucca Sea
2023-01-18,18:54:14.850,-6.43,103.71,28,3.5,Southwest of Sumatra - Indonesia
2023-01-18,18:49:44.772,2.83,127.1,10,3.4,Northern Molucca Sea
2023-01-18,18:36:40.759,2.85,127.1,10,3.7,Northern Molucca Sea
2023-01-18,18:32:09.551,-9.46,124.04,59,3.2,Timor Region
2023-01-18,18:26:00.752,2.64,127.14,10,3.3,Northern Molucca Sea
2023-01-18,18:15:35.446,2.81,127.05,10,4.3,Northern Molucca Sea
2023-01-18,17:53:58.581,-9.02,124.14,58,3.5,Timor Region
2023-01-18,17:53:37.686,2.68,127.12,10,3.1,Northern Molucca Sea
2023-01-18,17:07:05.386,-9.33,111.65,21,3.1,South of Java - Indonesia
2023-01-18,16:50:38.785,0.45,121.39,63,2.9,Minahassa Peninsula - Sulawesi
2023-01-18,16:41:52.434,2.8,127.15,10,3.5,Northern Molucca Sea
2023-01-18,16:38:53.920,-3.07,101.12,20,2.9,Southern Sumatra - Indonesia
2023-01-18,16:27:51.427,-10.95,111.67,10,5.1,South of Java - Indonesia
2023-01-18,16:27:51.427,-10.95,111.67,10,5.1,South of Java - Indonesia
2023-01-18,16:19:56.329,-7.48,121.68,20,3.8,Flores Sea
2023-01-18,16:15:56.283,2.9,127.11,10,3.8,Northern Molucca Sea
2023-01-18,16:10:52.113,-10.86,111.75,39,4.8,South of Java - Indonesia
2023-01-18,16:10:52.113,-10.86,111.75,39,4.8,South of Java - Indonesia
2023-01-18,16:06:39.673,2.76,127.09,10,4.7,Northern Molucca Sea
2023-01-18,15:54:29.471,2.67,127.1,10,2.9,Northern Molucca Sea
2023-01-18,15:43:32.923,2.92,127.17,22,4.9,Northern Molucca Sea
2023-01-18,15:40:54.004,-3.68,101.65,19,3.1,Southern Sumatra - Indonesia
2023-01-18,15:35:23.892,-2.3,139.73,22,4.5,Near North Coast of Irian Jaya
2023-01-18,15:33:06.039,2.82,127.11,17,3.6,Northern Molucca Sea
2023-01-18,15:31:09.122,2.92,127.08,10,3.1,Northern Molucca Sea
2023-01-18,15:28:04.613,3.02,127.21,27,3.1,Talaud Islands - Indonesia
2023-01-18,15:26:20.992,2.85,127.09,26,3.4,Northern Molucca Sea
2023-01-18,15:14:00.573,2.83,127.06,10,4.4,Northern Molucca Sea
2023-01-18,15:03:32.687,2.88,127.13,10,4.7,Northern Molucca Sea
2023-01-18,14:51:34.259,-0.57,133.66,10,4.4,Irian Jaya Region - Indonesia
2023-01-18,14:50:12.852,2.67,127.09,11,3.3,Northern Molucca Sea
2023-01-18,14:40:29.368,2.92,127.16,10,3.2,Northern Molucca Sea
2023-01-18,14:35:09.773,-8.58,116.27,98,3.1,Sumbawa Region - Indonesia
2023-01-18,14:24:03.513,-8.73,120.64,37,3.1,Flores Region - Indonesia
2023-01-18,14:21:39.316,2.81,127.11,10,4.6,Northern Molucca Sea
2023-01-18,14:17:58.590,3.08,127.17,65,3.9,Talaud Islands - Indonesia
2023-01-18,14:15:06.867,2.92,127.1,48,3.9,Northern Molucca Sea
2023-01-18,14:04:12.032,2.86,127.18,27,4.2,Northern Molucca Sea
2023-01-18,14:03:10.247,2.85,127.1,24,4.1,Northern Molucca Sea
2023-01-18,13:55:28.864,2.82,127.09,13,4.0,Northern Molucca Sea
2023-01-18,13:39:44.247,2.86,127.04,10,4.7,Northern Molucca Sea
2023-01-18,13:35:12.825,2.68,127.07,10,4.0,Northern Molucca Sea
2023-01-18,13:18:37.608,2.74,127.06,10,3.6,Northern Molucca Sea
2023-01-18,12:26:01.426,-2.41,140.72,10,3.0,Near North Coast of Irian Jaya
2023-01-18,12:21:38.438,2.2,127.91,107,2.9,Northern Molucca Sea
2023-01-18,12:16:25.829,2.79,127.22,10,3.5,Northern Molucca Sea
2023-01-18,12:10:55.764,2.91,127.07,25,3.9,Northern Molucca Sea
2023-01-18,12:03:25.329,2.2,127.03,82,3.1,Northern Molucca Sea
2023-01-18,10:47:33.562,2.88,127.08,12,3.8,Northern Molucca Sea
2023-01-18,10:26:00.793,2.86,127.13,17,4.0,Northern Molucca Sea
2023-01-18,10:11:35.765,2.77,128.44,213,3.4,Halmahera - Indonesia
2023-01-18,10:00:50.761,2.9,127.18,15,3.8,Northern Molucca Sea
2023-01-18,09:39:04.988,2.8,127.11,14,4.5,Northern Molucca Sea
2023-01-18,09:09:20.329,2.95,127.19,25,4.0,Northern Molucca Sea
2023-01-18,08:50:18.034,2.25,127.8,139,3.2,Northern Molucca Sea
2023-01-18,08:47:46.150,2.78,127.1,58,3.4,Northern Molucca Sea
2023-01-18,08:43:16.995,1.82,128.22,78,2.6,Halmahera - Indonesia
2023-01-18,08:32:09.254,2.85,127.24,103,3.5,Northern Molucca Sea
2023-01-18,08:25:15.383,3.01,127.23,35,3.6,Talaud Islands - Indonesia
2023-01-18,08:21:40.198,2.5,127.29,165,3.1,Northern Molucca Sea
2023-01-18,08:15:01.579,3.02,127.23,29,4.0,Talaud Islands - Indonesia
2023-01-18,08:01:27.875,2.82,127.21,51,5.6,Northern Molucca Sea
2023-01-18,08:01:27.875,2.82,127.21,51,5.6,Northern Molucca Sea
2023-01-18,07:50:46.804,2.87,127.19,16,3.7,Northern Molucca Sea
2023-01-18,07:40:51.490,2.9,127.16,26,3.8,Northern Molucca Sea
2023-01-18,07:20:23.001,2.87,127.12,29,4.4,Northern Molucca Sea
2023-01-18,07:18:04.197,2.67,127.03,13,4.1,Northern Molucca Sea
2023-01-18,07:10:43.791,-2.39,140.68,10,3.4,Near North Coast of Irian Jaya
2023-01-18,07:04:07.613,-2.11,139.95,17,4.3,Near North Coast of Irian Jaya
2023-01-18,07:00:34.990,2.76,127.09,10,4.9,Northern Molucca Sea
2023-01-18,06:59:58.617,2.98,127.24,10,4.6,Northern Molucca Sea
2023-01-18,06:52:04.739,2.92,127.16,33,4.3,Northern Molucca Sea
2023-01-18,06:44:56.761,2.8,127.31,77,3.6,Northern Molucca Sea
2023-01-18,06:42:08.449,2.71,127.24,10,3.6,Northern Molucca Sea
2023-01-18,06:34:25.858,2.72,127.12,22,3.9,Northern Molucca Sea
2023-01-18,06:33:02.992,2.9,127.12,27,4.2,Northern Molucca Sea
2023-01-18,06:28:04.243,2.95,127.19,19,4.2,Northern Molucca Sea
2023-01-18,06:21:52.949,2.83,127.11,24,4.6,Northern Molucca Sea
2023-01-18,06:19:14.579,2.82,127.1,28,5.4,Northern Molucca Sea
2023-01-18,06:19:14.579,2.82,127.1,28,5.4,Northern Molucca Sea
2023-01-18,06:06:16.115,2.82,127.04,69,7.0,Northern Molucca Sea
2023-01-18,06:06:16.115,2.82,127.04,69,7.0,Northern Molucca Sea
2023-01-18,05:56:12.814,-8.62,120.45,124,4.0,Flores Region - Indonesia
2023-01-18,05:32:02.115,-0.18,122.97,100,3.6,Minahassa Peninsula - Sulawesi
2023-01-18,04:17:57.845,-8.28,119.66,159,2.8,Flores Region - Indonesia
2023-01-18,04:06:03.467,-0.22,97.07,33,4.2,Southwest of Sumatra - Indonesia
2023-01-18,02:17:44.947,0.65,98.48,10,3.8,Northern Sumatra - Indonesia
2023-01-18,02:10:17.901,0.62,98.42,30,2.6,Northern Sumatra - Indonesia
2023-01-18,01:41:57.375,3.63,125.9,149,4.2,Talaud Islands - Indonesia
2023-01-18,01:17:05.173,-0.46,123.27,18,3.6,Minahassa Peninsula - Sulawesi
2023-01-18,01:04:23.883,-9.25,120.01,47,2.8,Sumba Region - Indonesia
2023-01-18,00:34:46.442,-0.02,123.27,144,6.1,Minahassa Peninsula - Sulawesi
2023-01-18,00:34:46.442,-0.02,123.27,144,6.1,Minahassa Peninsula - Sulawesi
2023-01-19,23:55:33.280,-4.11,121.64,10,3.1,Sulawesi - Indonesia
2023-01-19,22:47:09.739,-3.13,101.87,10,3.0,Southern Sumatra - Indonesia
2023-01-19,21:49:04.933,2.83,127.13,10,4.1,Northern Molucca Sea
2023-01-19,21:25:39.603,1.7,126.32,10,3.3,Northern Molucca Sea
2023-01-19,21:10:32.546,-9.7,115.88,22,2.5,South of Bali - Indonesia
2023-01-19,20:35:20.709,2.69,127.08,10,4.7,Northern Molucca Sea
2023-01-19,20:18:16.162,2.84,127.09,10,4.0,Northern Molucca Sea
2023-01-19,19:48:35.798,-2.85,128.25,10,3.2,Ceram Sea
2023-01-19,19:33:32.803,2.75,127.12,10,3.4,Northern Molucca Sea
2023-01-19,19:05:06.400,-0.08,98.43,51,4.3,Southern Sumatra - Indonesia
2023-01-19,19:01:04.150,-8.7,118.89,91,2.2,Sumbawa Region - Indonesia
2023-01-19,18:51:38.404,2.62,127.05,10,4.5,Northern Molucca Sea
2023-01-19,18:44:25.099,-7.61,127.78,79,4.0,Banda Sea
2023-01-19,18:36:04.682,2.75,127.16,26,3.2,Northern Molucca Sea
2023-01-19,18:33:00.814,2.88,127.15,10,3.2,Northern Molucca Sea
2023-01-19,18:20:31.698,-3.74,133.5,10,4.1,Irian Jaya Region - Indonesia
2023-01-19,17:51:31.912,2.76,127.09,10,4.8,Northern Molucca Sea
2023-01-19,17:30:11.970,2.88,127.18,10,3.4,Northern Molucca Sea
2023-01-19,17:21:20.280,3.01,127.23,20,3.3,Talaud Islands - Indonesia
2023-01-19,17:08:53.346,2.8,127.14,10,3.6,Northern Molucca Sea
2023-01-19,16:28:50.221,-8.88,123.91,10,3.0,Flores Region - Indonesia
2023-01-19,16:18:59.066,-4.01,133.43,10,3.7,Irian Jaya Region - Indonesia
2023-01-19,15:20:10.972,2.88,127.15,13,3.6,Northern Molucca Sea
2023-01-19,15:03:35.128,2.87,127.13,10,3.6,Northern Molucca Sea
2023-01-19,14:28:53.224,4.18,126.93,10,4.3,Talaud Islands - Indonesia
2023-01-19,13:48:51.900,2.91,127.13,10,4.1,Northern Molucca Sea
2023-01-19,13:47:40.457,-2.32,140.75,10,4.0,Near North Coast of Irian Jaya
2023-01-19,13:37:28.374,-2.31,140.76,10,3.9,Near North Coast of Irian Jaya
2023-01-19,13:30:34.927,2.97,127.13,10,3.9,Northern Molucca Sea
2023-01-19,13:00:20.193,3.04,127.16,15,4.4,Talaud Islands - Indonesia
2023-01-19,12:29:45.705,3.2,127.29,89,4.4,Talaud Islands - Indonesia
2023-01-19,11:56:52.215,-6.3,125.45,552,5.1,Banda Sea
2023-01-19,11:54:29.624,3.09,127.22,12,3.9,Talaud Islands - Indonesia
2023-01-19,11:47:43.194,-0.96,120.29,10,2.9,Minahassa Peninsula - Sulawesi
2023-01-19,09:51:44.807,1.86,127.41,94,3.2,Halmahera - Indonesia
2023-01-19,09:14:30.969,5.98,126.06,96,5.0,Mindanao - Philippines
2023-01-19,09:14:30.969,5.98,126.06,96,5.0,Mindanao - Philippines
2023-01-19,08:24:34.591,1.68,99.18,10,2.6,Northern Sumatra - Indonesia
2023-01-19,07:58:26.387,2.9,127.12,10,4.3,Northern Molucca Sea
2023-01-19,07:42:48.934,-7.11,106.06,26,2.6,Java - Indonesia
2023-01-19,07:38:35.048,2.68,127.05,16,4.2,Northern Molucca Sea
2023-01-19,06:59:02.157,-0.32,122.87,73,3.2,Minahassa Peninsula - Sulawesi
2023-01-19,06:21:01.301,2.73,127.0,10,3.5,Northern Molucca Sea
2023-01-19,05:50:42.195,-3.52,126.71,10,3.0,Buru - Indonesia
2023-01-19,05:39:21.411,2.67,127.07,27,3.6,Northern Molucca Sea
2023-01-19,04:54:29.287,2.84,127.08,11,3.7,Northern Molucca Sea
2023-01-19,04:40:11.621,2.92,127.11,110,3.4,Northern Molucca Sea
2023-01-19,03:30:38.985,-6.6,104.25,14,4.1,Sunda Strait - Indonesia
2023-01-19,02:28:14.514,-2.42,140.74,11,3.6,Near North Coast of Irian Jaya
2023-01-19,01:55:53.983,1.36,122.94,10,3.8,Minahassa Peninsula - Sulawesi
2023-01-19,00:52:14.747,2.89,127.08,10,4.1,Northern Molucca Sea
2023-01-20,23:48:30.009,-6.83,107.06,15,1.8,Java - Indonesia
2023-01-20,23:23:58.199,-6.79,107.08,10,3.5,Java - Indonesia
2023-01-20,22:22:44.962,-2.32,140.74,10,3.6,Near North Coast of Irian Jaya
2023-01-20,22:04:59.468,-8.96,124.1,80,4.0,Timor Region
2023-01-20,21:58:34.781,-7.75,117.56,282,3.3,Bali Sea
2023-01-20,21:48:38.879,-2.7,121.69,12,3.2,Sulawesi - Indonesia
2023-01-20,21:27:41.303,-0.62,133.36,10,3.0,Irian Jaya Region - Indonesia
2023-01-20,21:20:27.368,1.74,126.47,10,3.7,Northern Molucca Sea
2023-01-20,21:07:21.926,-3.17,102.2,10,3.2,Southern Sumatra - Indonesia
2023-01-20,21:03:57.610,-3.16,102.19,16,2.2,Southern Sumatra - Indonesia
2023-01-20,21:00:23.960,-3.38,128.37,10,2.0,Seram - Indonesia
2023-01-20,20:13:53.155,0.51,125.24,23,3.6,Northern Molucca Sea
2023-01-20,19:57:42.413,2.88,127.14,10,3.8,Northern Molucca Sea
2023-01-20,19:33:56.921,2.93,127.22,10,3.6,Northern Molucca Sea
2023-01-20,19:10:35.834,-1.59,101.14,10,2.5,Southern Sumatra - Indonesia
2023-01-20,19:04:11.331,2.28,127.2,85,4.1,Northern Molucca Sea
2023-01-20,18:52:49.098,-0.34,100.32,10,2.5,Southern Sumatra - Indonesia
2023-01-20,18:47:07.114,2.93,127.17,10,3.5,Northern Molucca Sea
2023-01-20,18:44:18.634,-0.33,100.3,10,2.9,Southern Sumatra - Indonesia
2023-01-20,18:15:11.204,-5.36,101.86,15,4.0,Southwest of Sumatra - Indonesia
2023-01-20,18:05:06.853,-5.34,101.84,13,4.4,Southwest of Sumatra - Indonesia
2023-01-20,17:49:37.328,2.77,127.08,10,4.6,Northern Molucca Sea
2023-01-20,17:47:19.395,-0.33,100.34,10,3.3,Southern Sumatra - Indonesia
2023-01-20,17:40:17.684,2.76,127.11,10,3.7,Northern Molucca Sea
2023-01-20,16:25:41.933,2.84,127.14,10,3.6,Northern Molucca Sea
2023-01-20,16:15:16.627,-7.42,103.19,49,4.4,Southwest of Sumatra - Indonesia
2023-01-20,16:06:42.924,2.75,127.11,45,3.5,Northern Molucca Sea
2023-01-20,16:00:18.923,1.06,121.28,10,3.1,Minahassa Peninsula - Sulawesi
2023-01-20,14:39:48.829,2.02,129.16,10,3.6,Halmahera - Indonesia
2023-01-20,14:29:44.664,3.16,127.17,10,3.7,Talaud Islands - Indonesia
2023-01-20,14:03:46.897,3.55,96.64,25,3.2,Northern Sumatra - Indonesia
2023-01-20,13:46:22.350,0.83,129.4,12,3.4,Halmahera - Indonesia
2023-01-20,13:41:58.788,-2.37,121.22,10,2.5,Sulawesi - Indonesia
2023-01-20,13:19:53.737,-2.34,140.73,10,4.5,Near North Coast of Irian Jaya
2023-01-20,12:49:09.305,-7.21,109.79,13,2.3,Java - Indonesia
2023-01-20,12:32:31.119,-9.2,118.35,64,2.6,Sumbawa Region - Indonesia
2023-01-20,12:29:36.950,2.75,127.23,137,3.7,Northern Molucca Sea
2023-01-20,12:24:06.548,1.54,126.98,102,3.8,Northern Molucca Sea
2023-01-20,12:22:17.798,2.86,127.17,10,3.7,Northern Molucca Sea
2023-01-20,10:59:24.199,-9.91,109.68,25,3.6,South of Java - Indonesia
2023-01-20,10:40:13.023,2.9,127.2,10,4.2,Northern Molucca Sea
2023-01-20,08:58:10.420,3.59,128.67,10,4.8,North of Halmahera - Indonesia
2023-01-20,07:35:57.807,3.31,97.6,10,3.1,Northern Sumatra - Indonesia
2023-01-20,07:33:22.646,-2.44,121.23,13,2.6,Sulawesi - Indonesia
2023-01-20,06:43:27.620,0.06,96.81,10,4.4,Off West Coast of Northern Sumatra
2023-01-20,05:41:10.154,-5.53,130.91,91,4.2,Banda Sea
2023-01-20,05:28:19.245,2.99,127.2,10,3.4,Northern Molucca Sea
2023-01-20,05:09:08.760,-8.9,116.8,10,2.4,Sumbawa Region - Indonesia
2023-01-20,04:37:26.968,-1.36,120.5,10,2.6,Sulawesi - Indonesia
2023-01-20,04:23:59.862,-8.63,118.75,96,3.1,Sumbawa Region - Indonesia
2023-01-20,03:40:32.826,-7.55,123.04,544,4.8,Banda Sea
2023-01-20,02:20:04.750,2.46,127.16,10,3.6,Northern Molucca Sea
2023-01-20,01:07:23.454,0.9,100.07,175,3.6,Northern Sumatra - Indonesia
2023-01-21,23:50:26.972,-9.69,113.96,12,3.1,South of Java - Indonesia
2023-01-21,22:59:32.802,0.97,126.15,10,3.5,Northern Molucca Sea
2023-01-21,22:36:44.862,-3.45,128.88,10,2.9,Seram - Indonesia
2023-01-21,21:44:33.296,-3.93,133.56,10,3.7,Irian Jaya Region - Indonesia
2023-01-21,20:06:54.414,2.84,127.06,64,5.2,Northern Molucca Sea
2023-01-21,20:06:54.414,2.84,127.06,64,5.2,Northern Molucca Sea
2023-01-21,20:02:36.531,0.22,98.57,14,3.9,Northern Sumatra - Indonesia
2023-01-21,19:25:20.443,4.64,95.16,22,4.4,Northern Sumatra - Indonesia
2023-01-21,17:43:38.205,2.73,127.08,10,3.9,Northern Molucca Sea
2023-01-21,17:38:37.808,-8.43,112.55,142,3.4,Java - Indonesia
2023-01-21,17:24:03.754,2.96,127.14,10,4.3,Northern Molucca Sea
2023-01-21,15:55:54.732,-2.13,102.17,188,4.4,Southern Sumatra - Indonesia
2023-01-21,15:28:20.782,-6.87,129.74,176,4.3,Banda Sea
2023-01-21,15:11:39.343,-0.23,129.71,21,3.4,Halmahera - Indonesia
2023-01-21,15:02:36.632,5.12,96.0,10,2.7,Northern Sumatra - Indonesia
2023-01-21,15:02:23.940,3.28,127.08,16,4.3,Talaud Islands - Indonesia
2023-01-21,14:47:30.550,-8.29,119.69,166,3.1,Flores Region - Indonesia
2023-01-21,13:29:14.740,-4.29,132.69,43,5.0,Irian Jaya Region - Indonesia
2023-01-21,11:49:55.873,2.8,127.11,12,4.1,Northern Molucca Sea
2023-01-21,09:50:36.789,-8.66,117.69,118,2.4,Sumbawa Region - Indonesia
2023-01-21,09:26:15.926,-5.42,103.32,23,3.2,Southern Sumatra - Indonesia
2023-01-21,09:24:39.700,2.82,127.14,10,4.2,Northern Molucca Sea
2023-01-21,08:24:04.759,0.88,122.71,37,3.7,Minahassa Peninsula - Sulawesi
2023-01-21,06:41:58.778,-3.94,119.4,10,3.1,Sulawesi - Indonesia
2023-01-21,06:17:06.982,2.89,127.12,23,4.4,Northern Molucca Sea
2023-01-21,05:26:03.991,2.97,127.26,10,3.8,Northern Molucca Sea
2023-01-21,04:10:39.065,2.74,127.08,10,3.3,Northern Molucca Sea
2023-01-21,03:58:08.671,2.84,127.09,10,5.1,Northern Molucca Sea
2023-01-21,03:58:08.671,2.84,127.09,10,5.1,Northern Molucca Sea
2023-01-21,02:50:33.971,3.31,96.23,10,4.7,Northern Sumatra - Indonesia
2023-01-21,02:39:35.057,2.76,127.1,33,4.0,Northern Molucca Sea
2023-01-21,01:14:34.594,2.63,127.19,15,4.3,Northern Molucca Sea
2023-01-21,00:11:38.393,1.57,99.24,10,2.8,Northern Sumatra - Indonesia
2023-01-21,00:04:45.891,-6.81,107.09,19,2.2,Java - Indonesia
2023-01-22,23:54:00.971,-2.95,127.94,20,2.5,Ceram Sea
2023-01-22,23:08:47.398,-8.07,116.22,268,2.8,Sumbawa Region - Indonesia
2023-01-22,22:31:50.015,-7.86,117.39,285,2.4,Bali Sea
2023-01-22,22:28:25.638,0.99,122.61,31,2.4,Minahassa Peninsula - Sulawesi
2023-01-22,22:22:40.652,-9.09,123.89,50,2.6,Timor Region
2023-01-22,22:17:06.367,-7.15,129.62,161,4.0,Banda Sea
2023-01-22,21:00:58.165,-9.25,121.43,10,2.8,Savu Sea
2023-01-22,20:52:33.552,-1.32,119.95,10,2.4,Sulawesi - Indonesia
2023-01-22,20:10:39.703,-2.93,127.89,16,2.4,Ceram Sea
2023-01-22,18:44:00.393,-4.82,129.48,222,3.6,Banda Sea
2023-01-22,18:21:01.700,2.86,127.16,10,4.4,Northern Molucca Sea
2023-01-22,17:57:43.033,2.8,127.12,10,4.5,Northern Molucca Sea
2023-01-22,16:57:11.565,-7.57,128.52,201,4.3,Banda Sea
2023-01-22,16:25:07.708,-10.64,117.49,10,3.2,South of Sumbawa - Indonesia
2023-01-22,15:43:18.099,0.45,122.35,102,3.1,Minahassa Peninsula - Sulawesi
2023-01-22,14:22:58.248,2.81,127.13,10,3.8,Northern Molucca Sea
2023-01-22,14:10:11.191,2.79,127.13,11,3.6,Northern Molucca Sea
2023-01-22,13:46:58.481,0.31,122.17,160,3.1,Minahassa Peninsula - Sulawesi
2023-01-22,13:19:37.413,0.25,123.88,197,3.4,Minahassa Peninsula - Sulawesi
2023-01-22,13:10:21.333,2.92,127.14,10,4.2,Northern Molucca Sea
2023-01-22,12:57:49.876,0.71,129.41,10,3.7,Halmahera - Indonesia
2023-01-22,11:38:04.650,-10.11,118.91,33,3.1,South of Sumbawa - Indonesia
2023-01-22,11:33:02.994,-3.04,139.63,29,4.0,Irian Jaya - Indonesia
2023-01-22,11:17:28.835,-0.78,122.03,10,2.7,Minahassa Peninsula - Sulawesi
2023-01-22,10:33:48.898,-9.08,123.95,50,3.9,Timor Region
2023-01-22,09:44:45.994,-2.51,140.69,10,4.7,Near North Coast of Irian Jaya
2023-01-22,06:42:05.392,2.8,127.16,11,4.6,Northern Molucca Sea
2023-01-22,06:16:03.096,-6.59,129.55,218,4.8,Banda Sea
2023-01-22,06:16:03.096,-6.59,129.55,218,4.8,Banda Sea
2023-01-22,05:39:49.808,-2.84,127.65,10,4.8,Ceram Sea
2023-01-22,05:26:50.789,-4.69,119.73,12,3.0,Sulawesi - Indonesia
2023-01-22,04:58:36.459,-6.71,107.34,10,3.7,Java - Indonesia
2023-01-22,04:53:40.776,5.12,95.98,10,2.5,Northern Sumatra - Indonesia
2023-01-22,03:55:19.598,-2.94,127.63,27,3.8,Ceram Sea
2023-01-22,03:31:19.690,-9.53,112.94,12,3.5,South of Java - Indonesia
2023-01-22,02:29:01.855,2.96,127.16,11,4.1,Northern Molucca Sea
2023-01-22,02:24:10.259,0.07,124.88,26,3.8,Minahassa Peninsula - Sulawesi
2023-01-22,02:12:48.977,2.9,127.15,15,3.8,Northern Molucca Sea
2023-01-22,02:07:09.357,-7.87,118.28,58,2.6,Flores Sea
2023-01-22,01:37:42.631,2.6,97.8,44,2.8,Northern Sumatra - Indonesia
2023-01-22,01:19:03.878,3.88,128.51,11,4.5,North of Halmahera - Indonesia
2023-01-22,01:10:12.483,-8.07,117.86,26,2.5,Sumbawa Region - Indonesia
2023-01-22,00:44:41.149,-4.13,101.92,46,4.4,Southern Sumatra - Indonesia
2023-01-22,00:28:01.486,2.04,98.94,118,4.1,Northern Sumatra - Indonesia
2023-01-22,00:07:34.433,-10.1,119.21,12,3.6,Sumba Region - Indonesia
2023-01-23,22:55:22.134,-5.57,104.2,55,4.7,Southern Sumatra - Indonesia
2023-01-23,21:55:11.148,1.86,127.26,81,4.1,Halmahera - Indonesia
2023-01-23,20:55:24.620,3.22,127.19,81,3.6,Talaud Islands - Indonesia
2023-01-23,20:29:56.717,-8.26,119.34,20,2.8,Flores Region - Indonesia
2023-01-23,20:26:26.727,-6.83,107.08,11,2.1,Java - Indonesia
2023-01-23,20:07:57.456,-6.68,107.23,10,2.0,Java - Indonesia
2023-01-23,19:45:02.281,-6.83,107.06,10,4.5,Java - Indonesia
2023-01-23,19:45:02.281,-6.83,107.06,10,4.5,Java - Indonesia
2023-01-23,19:13:59.711,2.9,127.16,10,3.7,Northern Molucca Sea
2023-01-23,18:35:16.130,3.06,127.03,10,3.6,Talaud Islands - Indonesia
2023-01-23,18:32:04.455,2.8,127.04,10,3.8,Northern Molucca Sea
2023-01-23,18:17:40.317,2.78,127.02,10,5.3,Northern Molucca Sea
2023-01-23,18:17:40.317,2.78,127.02,10,5.3,Northern Molucca Sea
2023-01-23,17:58:59.452,-2.74,101.64,78,3.0,Southern Sumatra - Indonesia
2023-01-23,17:45:08.705,-10.41,124.02,10,3.0,Timor Region
2023-01-23,17:37:49.391,4.19,96.91,10,2.5,Northern Sumatra - Indonesia
2023-01-23,17:30:10.727,-2.83,127.6,10,2.8,Ceram Sea
2023-01-23,17:06:49.175,2.82,127.07,10,4.9,Northern Molucca Sea
2023-01-23,16:52:09.099,-4.54,129.75,177,3.7,Banda Sea
2023-01-23,16:36:49.376,1.14,126.74,28,2.7,Northern Molucca Sea
2023-01-23,16:23:11.153,-3.0,119.07,10,2.3,Sulawesi - Indonesia
2023-01-23,16:20:18.538,1.16,128.02,10,2.4,Halmahera - Indonesia
2023-01-23,16:01:04.500,-8.46,117.07,10,2.4,Sumbawa Region - Indonesia
2023-01-23,15:52:35.961,-2.07,120.64,10,2.2,Sulawesi - Indonesia
2023-01-23,15:38:35.373,2.83,127.1,10,4.4,Northern Molucca Sea
2023-01-23,15:15:05.208,3.16,127.08,10,3.8,Talaud Islands - Indonesia
2023-01-23,15:06:38.085,-7.48,104.14,22,4.4,Southwest of Sumatra - Indonesia
2023-01-23,14:08:59.061,2.95,127.06,10,4.1,Northern Molucca Sea
2023-01-23,14:06:42.153,-7.5,106.0,22,2.9,Java - Indonesia
2023-01-23,14:01:56.000,3.1,127.08,28,4.6,Talaud Islands - Indonesia
2023-01-23,13:36:05.531,2.74,127.07,10,4.0,Northern Molucca Sea
2023-01-23,13:29:36.362,-6.91,126.77,426,4.5,Banda Sea
2023-01-23,10:45:04.352,-0.18,123.37,139,4.0,Minahassa Peninsula - Sulawesi
2023-01-23,08:00:13.090,-3.92,128.9,23,3.5,Seram - Indonesia
2023-01-23,07:07:26.782,-2.62,102.43,184,3.3,Southern Sumatra - Indonesia
2023-01-23,05:34:01.204,-8.3,124.89,10,3.6,Timor Region
2023-01-23,05:32:32.763,-8.28,124.92,10,3.8,Timor Region
2023-01-23,03:02:49.404,2.78,127.17,100,4.0,Northern Molucca Sea
2023-01-23,02:56:51.902,-3.37,128.83,10,2.9,Seram - Indonesia
2023-01-23,02:42:57.520,2.84,127.14,10,4.3,Northern Molucca Sea
2023-01-23,01:52:54.141,-8.01,118.08,27,2.8,Sumbawa Region - Indonesia
2023-01-23,01:44:12.118,-10.63,113.3,10,3.9,South of Java - Indonesia
2023-01-23,01:30:42.563,-9.22,118.44,58,2.4,Sumbawa Region - Indonesia
2023-01-23,01:10:02.821,-7.92,117.41,12,2.7,Bali Sea
2023-01-23,00:07:29.711,-0.24,122.97,42,2.6,Minahassa Peninsula - Sulawesi
2023-01-23,00:05:49.791,3.12,127.08,25,3.9,Talaud Islands - Indonesia
2023-01-24,23:59:42.823,0.21,127.27,123,3.6,Halmahera - Indonesia
2023-01-24,22:51:17.602,-2.92,127.83,14,2.6,Ceram Sea
2023-01-24,22:24:00.982,-7.23,129.33,175,4.3,Banda Sea
2023-01-24,22:17:34.014,-0.99,126.94,10,2.5,Southern Molucca Sea
2023-01-24,22:15:30.629,-1.12,126.99,10,2.5,Southern Molucca Sea
2023-01-24,21:23:48.488,3.17,127.19,10,4.0,Talaud Islands - Indonesia
2023-01-24,20:18:02.634,3.07,127.04,63,4.9,Talaud Islands - Indonesia
2023-01-24,20:18:02.634,3.07,127.04,63,4.9,Talaud Islands - Indonesia
2023-01-24,20:12:55.740,3.05,127.23,10,4.0,Talaud Islands - Indonesia
2023-01-24,19:25:40.382,3.27,127.15,54,4.2,Talaud Islands - Indonesia
2023-01-24,19:07:02.105,-0.9,127.8,12,3.3,Halmahera - Indonesia
2023-01-24,18:31:41.667,2.82,127.17,10,3.8,Northern Molucca Sea
2023-01-24,18:24:10.833,1.33,117.99,10,3.8,Borneo
2023-01-24,18:09:31.706,3.16,127.11,10,3.7,Talaud Islands - Indonesia
2023-01-24,18:09:10.201,-5.42,106.66,281,3.4,Java - Indonesia
2023-01-24,18:07:33.326,-0.06,123.11,132,2.4,Minahassa Peninsula - Sulawesi
2023-01-24,18:06:45.432,-8.49,118.11,129,2.0,Sumbawa Region - Indonesia
2023-01-24,18:02:53.993,3.01,127.23,10,3.4,Talaud Islands - Indonesia
2023-01-24,17:54:40.238,2.91,127.23,10,3.4,Northern Molucca Sea
2023-01-24,17:09:52.465,2.98,127.13,64,3.9,Northern Molucca Sea
2023-01-24,16:35:46.940,3.11,127.34,10,3.5,Talaud Islands - Indonesia
2023-01-24,16:10:22.892,3.5,128.52,51,5.2,North of Halmahera - Indonesia
2023-01-24,16:10:22.892,3.5,128.52,51,5.2,North of Halmahera - Indonesia
2023-01-24,15:21:03.010,3.14,127.2,10,4.1,Talaud Islands - Indonesia
2023-01-24,13:44:22.256,-9.14,123.74,36,3.8,Timor Region
2023-01-24,13:14:16.074,0.35,123.56,245,4.5,Minahassa Peninsula - Sulawesi
2023-01-24,13:11:21.986,3.16,127.05,10,4.9,Talaud Islands - Indonesia
2023-01-24,13:07:01.755,-7.69,127.99,148,4.3,Banda Sea
2023-01-24,13:06:33.863,2.96,127.16,10,4.0,Northern Molucca Sea
2023-01-24,12:37:41.444,-2.2,140.35,10,4.0,Near North Coast of Irian Jaya
2023-01-24,12:36:12.569,2.95,127.28,10,3.6,Northern Molucca Sea
2023-01-24,12:13:34.528,2.48,128.26,167,3.0,Halmahera - Indonesia
2023-01-24,12:06:35.698,2.77,127.13,10,4.2,Northern Molucca Sea
2023-01-24,11:47:38.014,0.98,121.6,10,3.1,Minahassa Peninsula - Sulawesi
2023-01-24,11:08:10.474,2.78,127.07,10,4.1,Northern Molucca Sea
2023-01-24,10:17:27.642,2.86,127.24,10,4.2,Northern Molucca Sea
2023-01-24,09:47:53.663,-2.75,129.49,16,3.3,Seram - Indonesia
2023-01-24,08:48:56.967,3.01,127.21,10,3.8,Talaud Islands - Indonesia
2023-01-24,07:56:44.617,-10.03,119.29,13,2.9,Sumba Region - Indonesia
2023-01-24,07:40:53.117,-8.4,118.27,23,2.5,Sumbawa Region - Indonesia
2023-01-24,05:35:45.916,-6.8,107.08,10,2.4,Java - Indonesia
2023-01-24,05:35:04.522,3.0,127.17,10,4.0,Talaud Islands - Indonesia
2023-01-24,05:14:08.709,2.94,127.11,10,3.9,Northern Molucca Sea
2023-01-24,05:04:37.511,3.03,127.19,10,4.3,Talaud Islands - Indonesia
2023-01-24,05:02:20.725,-9.89,118.86,10,3.5,Sumbawa Region - Indonesia
2023-01-24,04:48:20.009,2.95,127.14,10,3.8,Northern Molucca Sea
2023-01-24,04:31:17.802,-8.87,116.88,10,2.4,Sumbawa Region - Indonesia
2023-01-24,04:26:20.087,-8.19,123.94,187,2.7,Flores Region - Indonesia
2023-01-24,04:21:04.690,3.08,127.17,10,4.0,Talaud Islands - Indonesia
2023-01-24,04:13:59.274,2.83,127.12,10,4.1,Northern Molucca Sea
2023-01-24,04:02:54.732,2.83,127.12,10,4.7,Northern Molucca Sea
2023-01-24,03:59:49.841,2.82,127.24,10,3.4,Northern Molucca Sea
2023-01-24,03:50:55.151,2.92,127.1,10,4.2,Northern Molucca Sea
2023-01-24,03:38:38.211,2.83,127.16,10,4.2,Northern Molucca Sea
2023-01-24,03:36:41.419,-8.61,118.87,92,2.2,Sumbawa Region - Indonesia
2023-01-24,03:36:14.392,2.45,126.8,36,3.7,Northern Molucca Sea
2023-01-24,03:22:16.165,2.86,127.14,10,3.9,Northern Molucca Sea
2023-01-24,03:16:48.877,3.18,127.23,10,3.9,Talaud Islands - Indonesia
2023-01-24,02:53:31.834,2.88,127.05,10,4.3,Northern Molucca Sea
2023-01-24,02:50:42.784,3.8,127.61,10,4.2,Talaud Islands - Indonesia
2023-01-24,02:37:05.799,2.94,127.13,10,4.4,Northern Molucca Sea
2023-01-24,02:30:06.998,2.8,127.05,10,5.1,Northern Molucca Sea
2023-01-24,02:30:06.998,2.8,127.05,10,5.1,Northern Molucca Sea
2023-01-24,02:25:21.451,3.06,127.18,10,4.5,Talaud Islands - Indonesia
2023-01-24,02:13:19.875,2.84,127.04,52,5.9,Northern Molucca Sea
2023-01-24,02:13:19.875,2.84,127.04,52,5.9,Northern Molucca Sea
2023-01-24,01:10:25.606,2.81,127.03,10,5.0,Northern Molucca Sea
2023-01-24,01:10:25.606,2.81,127.03,10,5.0,Northern Molucca Sea
2023-01-25,21:13:29.283,-2.18,140.22,10,3.4,Near North Coast of Irian Jaya
2023-01-25,19:31:08.164,2.76,127.17,11,4.3,Northern Molucca Sea
2023-01-25,19:10:59.342,-10.76,111.74,23,4.6,South of Java - Indonesia
2023-01-25,19:10:59.342,-10.76,111.74,23,4.6,South of Java - Indonesia
2023-01-25,18:03:02.891,3.12,127.23,10,3.9,Talaud Islands - Indonesia
2023-01-25,17:58:05.278,-3.51,141.46,17,3.4,New Guinea - Papua New Guinea
2023-01-25,16:48:07.471,3.34,127.17,15,4.1,Talaud Islands - Indonesia
2023-01-25,16:30:42.914,-8.23,117.97,10,3.0,Sumbawa Region - Indonesia
2023-01-25,16:26:34.675,0.09,125.62,13,3.3,Northern Molucca Sea
2023-01-25,15:50:53.462,3.09,127.21,10,4.4,Talaud Islands - Indonesia
2023-01-25,15:30:32.933,0.98,125.64,11,4.2,Northern Molucca Sea
2023-01-25,15:14:58.806,0.18,122.58,144,3.5,Minahassa Peninsula - Sulawesi
2023-01-25,15:09:56.548,0.98,120.62,16,3.7,Minahassa Peninsula - Sulawesi
2023-01-25,14:00:42.209,-10.14,123.92,10,3.3,Timor Region
2023-01-25,10:55:18.241,1.9,99.06,10,2.8,Northern Sumatra - Indonesia
2023-01-25,10:46:39.453,-9.28,113.47,10,3.2,South of Java - Indonesia
2023-01-25,09:20:50.776,-0.22,122.92,65,3.3,Minahassa Peninsula - Sulawesi
2023-01-25,08:17:54.675,-10.63,113.45,10,4.1,South of Java - Indonesia
2023-01-25,07:43:21.893,-0.64,120.91,10,2.9,Minahassa Peninsula - Sulawesi
2023-01-25,07:27:31.493,-3.5,127.17,40,3.7,Seram - Indonesia
2023-01-25,06:57:39.823,4.4,125.9,134,4.3,Talaud Islands - Indonesia
2023-01-25,06:49:33.303,3.0,127.13,10,3.8,Northern Molucca Sea
2023-01-25,06:39:55.781,-8.29,122.51,203,3.8,Flores Region - Indonesia
2023-01-25,06:21:10.034,-6.96,105.86,10,2.9,Sunda Strait - Indonesia
2023-01-25,02:52:25.421,-0.13,123.27,140,3.7,Minahassa Peninsula - Sulawesi
2023-01-25,00:57:42.943,-2.83,122.48,10,4.0,Sulawesi - Indonesia
2023-01-25,00:44:52.577,3.36,127.21,10,4.0,Talaud Islands - Indonesia
2023-01-25,00:17:22.706,-0.96,127.81,10,2.9,Halmahera - Indonesia
2023-01-26,23:58:35.638,0.88,123.72,126,2.8,Minahassa Peninsula - Sulawesi
2023-01-26,22:30:23.423,3.06,127.24,10,3.8,Talaud Islands - Indonesia
2023-01-26,22:20:32.508,2.67,127.13,10,3.5,Northern Molucca Sea
2023-01-26,22:11:48.559,3.16,127.17,10,3.8,Talaud Islands - Indonesia
2023-01-26,22:00:30.956,1.92,127.04,20,3.4,Halmahera - Indonesia
2023-01-26,21:54:20.115,-3.52,140.65,117,2.8,Irian Jaya - Indonesia
2023-01-26,21:42:29.917,2.7,126.06,32,3.3,Northern Molucca Sea
2023-01-26,21:22:54.777,3.21,127.21,10,4.1,Talaud Islands - Indonesia
2023-01-26,21:22:01.004,-2.24,140.28,10,2.9,Near North Coast of Irian Jaya
2023-01-26,21:12:19.426,3.0,127.14,10,3.4,Talaud Islands - Indonesia
2023-01-26,17:25:59.536,3.01,127.17,32,4.1,Talaud Islands - Indonesia
2023-01-26,16:26:06.337,3.29,127.19,10,3.8,Talaud Islands - Indonesia
2023-01-26,15:53:31.704,2.61,127.15,19,3.6,Northern Molucca Sea
2023-01-26,15:47:24.005,2.93,127.19,10,3.9,Northern Molucca Sea
2023-01-26,14:27:41.556,-6.47,105.19,10,3.2,Sunda Strait - Indonesia
2023-01-26,14:24:23.400,-0.86,120.39,10,2.8,Minahassa Peninsula - Sulawesi
2023-01-26,13:21:09.574,-2.97,128.01,11,3.4,Ceram Sea
2023-01-26,13:11:31.091,2.99,127.12,10,4.2,Northern Molucca Sea
2023-01-26,12:56:33.157,-7.98,110.47,10,3.0,Java - Indonesia
2023-01-26,12:28:05.662,3.06,127.2,10,3.8,Talaud Islands - Indonesia
2023-01-26,12:20:12.022,2.19,97.83,23,4.3,Northern Sumatra - Indonesia
2023-01-26,12:13:39.697,-8.31,117.55,195,3.7,Sumbawa Region - Indonesia
2023-01-26,11:47:23.179,-8.99,123.92,71,3.0,Flores Region - Indonesia
2023-01-26,08:57:30.648,2.95,127.15,10,4.2,Northern Molucca Sea
2023-01-26,08:54:34.072,-5.97,130.2,88,4.0,Banda Sea
2023-01-26,08:47:41.155,2.73,127.11,10,4.0,Northern Molucca Sea
2023-01-26,08:42:35.277,3.61,125.91,183,4.2,Talaud Islands - Indonesia
2023-01-26,08:15:35.234,-4.94,130.01,215,3.1,Banda Sea
2023-01-26,08:08:57.552,-0.65,121.77,10,2.6,Minahassa Peninsula - Sulawesi
2023-01-26,08:00:12.749,-8.79,118.87,10,2.3,Sumbawa Region - Indonesia
2023-01-26,07:49:51.209,0.27,121.79,198,3.0,Minahassa Peninsula - Sulawesi
2023-01-26,07:05:16.781,-8.68,130.3,10,4.2,Tanimbar Islands Reg. - Indonesia
2023-01-26,06:35:39.047,-9.05,116.53,19,2.7,Sumbawa Region - Indonesia
2023-01-26,06:33:44.219,2.93,127.03,10,4.8,Northern Molucca Sea
2023-01-26,06:33:44.219,2.93,127.03,10,4.8,Northern Molucca Sea
2023-01-26,06:13:16.827,2.79,127.2,67,3.6,Northern Molucca Sea
2023-01-26,06:11:28.751,-0.58,131.7,21,2.5,Irian Jaya Region - Indonesia
2023-01-26,05:33:54.491,2.6,126.88,10,3.9,Northern Molucca Sea
2023-01-26,05:00:06.899,0.07,123.42,60,2.5,Minahassa Peninsula - Sulawesi
2023-01-26,04:56:26.743,-8.04,118.89,97,3.0,Sumbawa Region - Indonesia
2023-01-26,04:36:19.594,-4.32,129.05,10,4.0,Banda Sea
2023-01-26,04:23:50.693,3.09,127.08,10,5.7,Talaud Islands - Indonesia
2023-01-26,04:23:50.693,3.09,127.08,10,5.7,Talaud Islands - Indonesia
2023-01-26,04:14:53.346,-0.78,120.96,10,2.7,Minahassa Peninsula - Sulawesi
2023-01-26,03:46:10.433,-8.24,119.96,169,3.4,Flores Region - Indonesia
2023-01-26,03:33:28.683,-7.23,110.2,240,3.8,Java - Indonesia
2023-01-26,03:10:22.966,0.45,122.67,62,2.4,Minahassa Peninsula - Sulawesi
2023-01-26,02:52:41.774,-3.52,129.07,10,2.5,Seram - Indonesia
2023-01-26,02:51:48.784,2.3,126.88,10,3.7,Northern Molucca Sea
2023-01-26,02:45:01.461,-2.38,140.77,10,3.1,Near North Coast of Irian Jaya
2023-01-26,02:41:07.016,-2.43,140.7,10,2.5,Near North Coast of Irian Jaya
2023-01-26,02:25:09.288,3.24,127.18,10,4.0,Talaud Islands - Indonesia
2023-01-26,02:15:03.893,2.7,127.1,10,3.9,Northern Molucca Sea
2023-01-26,01:57:08.885,-7.83,121.07,10,3.8,Flores Sea
2023-01-26,01:46:21.009,3.0,127.16,10,4.1,Northern Molucca Sea
2023-01-26,00:00:35.181,-8.87,118.95,10,2.4,Sumbawa Region - Indonesia
